name,url,,
20 minutes : Suisse Romande : Genève,https://partner-feeds.20min.ch/rss/20minutes/suisse-romande/geneve,general,presse
20 minutes : Suisse Romande : Vaud,https://partner-feeds.20min.ch/rss/20minutes/suisse-romande/vaud,general,presse
20minutes : Bordeaux,https://www.20minutes.fr/feeds/rss-bordeaux.xml,general,presse
20minutes : Lille,https://www.20minutes.fr/feeds/rss-lille.xml,general,presse
20minutes : Lyon,https://www.20minutes.fr/feeds/rss-lyon.xml,general,presse
20minutes : Marseille,https://www.20minutes.fr/feeds/rss-marseille.xml,general,presse
20minutes : Montpellier,https://www.20minutes.fr/feeds/rss-montpellier.xml,general,presse
20minutes : Nantes,https://www.20minutes.fr/feeds/rss-nantes.xml,general,presse
20minutes : Nice,https://www.20minutes.fr/feeds/rss-nice.xml,general,presse
20minutes : Paris,https://www.20minutes.fr/feeds/rss-paris.xml,general,presse
20minutes : Rennes,https://www.20minutes.fr/feeds/rss-rennes.xml,general,presse
20minutes : Strasbourg,https://www.20minutes.fr/feeds/rss-strasbourg.xml,general,presse
20minutes : Toulouse,https://www.20minutes.fr/feeds/rss-toulouse.xml,general,presse
24heures : Vaud et régions,https://partner-feeds.publishing.tamedia.ch/rss/24heures/vaud-regions,general,presse
76actu,http://feeds.feedburner.com/76actu-LactualitLocale-Actufr,general,presse
78actu,http://feeds.feedburner.com/78actu-LactualitLocale-Actufr,general,
7A Limoges,https://www.7alimoges.tv/xml/syndication.rss,general,
Actu 44,https://www.actu44.fr/feed/,general,presse
Actu Essonne,http://feeds.feedburner.com/ActuEssonne-LactualitLocale-Actufr,general,
Actu Lot,http://feeds.feedburner.com/ActuLot-LactualitLocale-Actufr,general,
Actu Toulouse,http://feeds.feedburner.com/ActuToulouse-LactualitLocale-Actufr,general,
Actu.fr : Bretagne,http://feeds.feedburner.com/actu/zAth,general,
Actu.fr : Centre-Val de Loire,http://feeds.feedburner.com/Centre-valDeLoire-LactualtiEnContinue-Actufr,general,
Actu.fr : Corse,https://actu.fr/corse/rss.xml,general,
Actu.fr : Hauts-de-France,http://feeds.feedburner.com/actu/kkcN,general,
Actu.fr : Hauts-de-France : dailymotion,https://www.dailymotion.com/rss/user/actu-hauts-de-france,general,presse
Actu.fr : Lorraine,http://feeds.feedburner.com/actu/aOWK,general,
Actu.fr : Marseille,https://actu.fr/marseille/rss.xml,general,presse
Actu.fr : Normandie,http://feeds.feedburner.com/actu/FIDq,general,
Actu.fr : Nouvelle-Aquitaine,http://feeds.feedburner.com/actu/kjLU,general,
Actu.fr : Occitanie,http://feeds.feedburner.com/actu/YFmj,general,presse
Actu.fr : Paris,https://actu.fr/paris/rss.xml,general,presse
Actu.fr : Paris : bluesky,https://bsky.app/profile/did:plc:diw2fopsrbgqoekykpl4bja6/rss,general,presse
Actu.fr : Pays de la Loire,http://feeds.feedburner.com/actu/jwWh,general,
Aisne nouvelle,https://www.aisnenouvelle.fr/rss.xml,general,presse
Alpes du Sud : les journaux,https://alpesdusud.alpes1.com/podcast/rss/11/flash-et-journaux,general,presse
Alta Frequenza : audio,https://www.alta-frequenza.corsica/rss/feed/actu,general,presse
Alta Frequenza : bluesky,https://bsky.app/profile/did:plc:hqfcgtyzxwtpomyha73uhl6s/rss,general,presse
Alta Frequenza : youtube,https://www.youtube.com/feeds/videos.xml?channel_id=UCu3rX9SQhasZZSQM4gOdP3A,general,presse
Angers VilleActu,https://www.angers.villactu.fr/feed/,general,presse
Angers VilleActu : mastodon,https://mastodon.top/@AngersVillactu.rss,general,presse
Annudà : presse,http://flussi.annuda.saynete.net/corse_presse_rss.xml,general,
Annudà : ViaStella,http://flussi.annuda.saynete.net/corse_viastella_rss.xml,general,
Aquitaine online : Dordogne,https://www.aquitaineonline.com/actualites-en-aquitaine/dordogne/feed/rss/,general,
Aquitaine online : Euskal Herria,https://www.aquitaineonline.com/actualites-en-aquitaine/euskal-herria/feed/rss/,general,
Aquitaine online : Gironde,https://www.aquitaineonline.com/actualites-en-aquitaine/gironde/feed/rss/,general,
Aquitaine online : Landes,https://www.aquitaineonline.com/actualites-en-aquitaine/landes/feed/rss/,general,
Aquitaine online : Occitanie,https://www.aquitaineonline.com/actualites-en-aquitaine/occitanie/feed/rss/,general,
Aquitaine online : Poitou-Charentes,https://www.aquitaineonline.com/actualites-en-aquitaine/poitou-charentes/feed/rss/,general,
Aquitaine online : Sud-Ouest,https://www.aquitaineonline.com/actualites-en-aquitaine/sud-ouest/feed/rss/,general,
Azur TV : youtube,https://www.youtube.com/feeds/videos.xml?channel_id=UCIyExm7X0W4cUM1V7jN9Nyg,general,
BFM : Bastia,https://www.bfmtv.com/rss/bastia/,general,presse
BFM : Bordeaux,https://www.bfmtv.com/rss/bordeaux/,general,presse
BFM : Brest,https://www.bfmtv.com/rss/brest/,general,presse
BFM : Côte d'Azur,https://www.bfmtv.com/rss/cote-d-azur/,general,presse
BFM : Clermont-Ferrand,https://www.bfmtv.com/rss/clermont-ferrand/,general,presse
BFM : Grand Lille,https://www.bfmtv.com/rss/grand-lille/,general,presse
BFM : Grand Littoral,https://www.bfmtv.com/rss/grand-littoral/,general,presse
BFM : Lyon,https://www.bfmtv.com/rss/lyon/,general,presse
BFM : Lyon : youtube,https://www.youtube.com/feeds/videos.xml?channel_id=UCdoZvj96JFBABnnsN2h1BDw,general,presse
BFM : Marseille,https://www.bfmtv.com/rss/marseille/,general,presse
BFM : Montpellier,https://www.bfmtv.com/rss/montpellier/,general,presse
BFM : Normandie,https://www.bfmtv.com/rss/normandie/,general,presse
BFM : Paris,https://www.bfmtv.com/rss/paris/,general,presse
BFM : Rennes,https://www.bfmtv.com/rss/rennes/,general,presse
BFM : Saint Étienne,https://www.bfmtv.com/rss/saint-etienne/,general,presse
BFM : Toulouse,https://www.bfmtv.com/rss/toulouse/,general,presse
BFM : Tours,https://www.bfmtv.com/rss/tours/,general,presse
BFM : Var,https://www.bfmtv.com/rss/var/,general,presse
Bing Actu : Bretagne,https://www.bing.com/news/search?q=bretagne&amp;qft=sortbydate%3d%221%22+interval%3d%227%22&amp;form=YFNR&amp;format=rss&amp;mkt=fr-fr&amp;setlang=fr,general,
Bing Actu : Corse,https://www.bing.com/news/search?q=corse&amp;qft=sortbydate%3d%221%22+interval%3d%227%22&amp;form=YFNR&amp;format=rss&amp;mkt=fr-fr&amp;setlang=fr,general,
Bing Actu : Paris,https://www.bing.com/news/search?q=paris&amp;qft=sortbydate%3d%221%22+interval%3d%227%22&amp;form=YFNR&amp;format=rss&amp;cc=fr,general,presse
Bondamanjak,https://www.bondamanjak.com/feed/,general,
Bondamanjak : Guadeloupe,https://www.bondamanjak.com/category/guadeloupe/aujourdhui-en-guadeloupe/feed/,general,
Bondamanjak : Martinique,https://www.bondamanjak.com/category/martinique/aujourdhui-en-martinique/feed/,general,
Bordeaux Gazette,https://www.bordeaux-gazette.com/spip.php?page=backend,general,
Côté Brest,http://feeds.feedburner.com/CtBrest-LactualitLocale-Actufr,general,
Côté La Flèche,http://feeds.feedburner.com/CtLaFlche-LactualitLocale-Actufr,general,
Côté Manche,http://feeds.feedburner.com/CtManche-LactualitLocale-Actufr,general,
Caledonia : youtube,https://www.youtube.com/feeds/videos.xml?channel_id=UCdX2FGu9cQ0HwKRnymkulcw,general,
Centre presse : actualité,https://www.centrepresseaveyron.fr/rss.xml,general,presse
Charente Libre : Charente,https://www.charentelibre.fr/charente/rss.xml,general,presse
CNews : Paris : flipboard,https://flipboard.com/@cnews_fr/actu-paris-qqrkg7fez.rss,general,tribune
Corse Matin : bluesky,https://bsky.app/profile/did:plc:bhmnbm66ctbglhjgu4tkoxex/rss,general,presse
Corse Matin : youtube,https://www.youtube.com/feeds/videos.xml?channel_id=UCminx_9bdEOPDmmLzUhpoSQ,general,presse
Corse Net Infos (bot) : bluesky,https://bsky.app/profile/did:plc:t4zpeezzljog4qciw4hg6jvl/rss,general,presse
Corse Net Infos : actualités,https://www.corsenetinfos.corsica/xml/syndication.rss,general,presse
Corse Net Infos : youtube,https://www.youtube.com/feeds/videos.xml?channel_id=UC59NZI9h9pWQON3WlANJaLw,general,presse
Corsica Radio,https://corsicaradio.fr/feed/,general,presse
Demain Vendée,https://demain-vendee.fr/feed/,general,
Dernières Nouvelles d'Alsace : édito,https://www.dna.fr/actualite/edito/rss,general,presse
Dernières Nouvelles d'Alsace : Alsace,https://www.dna.fr/region/alsace/rss,general,presse
Dernières Nouvelles d'Alsace : Bas-Rhin,https://www.dna.fr/region/bas-rhin/rss,general,presse
Dernières Nouvelles d'Alsace : Haguenau Wissembourg,https://www.dna.fr/edition-haguenau-wissembourg/infos-locales/rss,general,presse
Dernières Nouvelles d'Alsace : Haut-Rhin,https://www.dna.fr/region/haut-rhin/rss,general,presse
Dernières Nouvelles d'Alsace : Strasbourg,https://www.dna.fr/edition-strasbourg/infos-locales/rss,general,presse
Dis-leur,https://dis-leur.fr/feed/,general,presse
Esprit Occitanie,https://www.espritoccitanie.fr/rss-feed-7,general,presse
Euronews - FR : Lyon,https://fr.euronews.com/rss?level=tag&amp;name=lyon,general,presse
Euronews - FR : Lyon,https://fr.euronews.com/rss?level=tag&amp;name=lyon,general,presse
Euronews - FR : Marseille,https://fr.euronews.com/rss?level=tag&amp;name=marseille,general,presse
Euronews - FR : Montpellier,https://fr.euronews.com/rss?level=tag&amp;name=montpellier,general,presse
Euronews - FR : Nice,https://fr.euronews.com/rss?level=tag&amp;name=nice,general,presse
Euronews - FR : Paris,https://fr.euronews.com/rss?level=tag&amp;name=paris,general,presse
Flipboard : Alsace,https://flipboard.com/topic/fr-alsace.rss,general,
Flipboard : Bretagne,https://flipboard.com/topic/fr-bretagne.rss,general,
Flipboard : Corse,https://flipboard.com/topic/fr-corse.rss,general,
Flipboard : Groenland,https://flipboard.com/topic/fr-groenland.rss,general,
Flipboard : Guadeloupe,https://flipboard.com/topic/fr-guadeloupe.rss,general,
Flipboard : Guyane,https://flipboard.com/topic/fr-guyane.rss,general,
Flipboard : Hauts-de-France,https://flipboard.com/topic/fr-hautsdefrance.rss,general,
Flipboard : Lille,https://flipboard.com/topic/fr-lille.rss,general,
Flipboard : Lyon,https://flipboard.com/topic/fr-lyon.rss,general,
Flipboard : Marseille,https://flipboard.com/topic/fr-marseille.rss,general,presse
Flipboard : Martinique,https://flipboard.com/topic/fr-martinique.rss,general,
Flipboard : Mayotte,https://flipboard.com/topic/fr-mayotte.rss,general,
Flipboard : Montpellier,https://flipboard.com/topic/fr-montpellier.rss,general,
Flipboard : Nice,https://flipboard.com/topic/fr-nice.rss,general,
Flipboard : Nouvelle-Calédonie,https://flipboard.com/topic/fr-nouvellecal%C3%A9donie.rss,general,
Flipboard : Occitanie,https://flipboard.com/topic/fr-occitanie.rss,general,
Flipboard : Paris,https://flipboard.com/topic/fr-paris.rss,general,
Flipboard : Picardie,https://flipboard.com/topic/fr-picardie.rss,general,
Flipboard : Toulouse,https://flipboard.com/topic/fr-toulouse.rss,general,
France Antilles : Guadeloupe : à la une,https://www.guadeloupe.franceantilles.fr/actualite/rss.xml,general,presse
France Antilles : Guadeloupe : environnement,https://www.guadeloupe.franceantilles.fr/actualite/environnement/rss.xml,general,vert
France Antilles : Guadeloupe : faits divers,https://www.guadeloupe.franceantilles.fr/actualite/faits-divers/rss.xml,general,presse
France Antilles : Guadeloupe : France,https://www.guadeloupe.franceantilles.fr/actualite/france/rss.xml,general,presse
France Antilles : Guadeloupe : société,https://www.guadeloupe.franceantilles.fr/actualite/societe/rss.xml,general,societe
France Antilles : Martinique : faits divers,https://www.martinique.franceantilles.fr/actualite/faitsdivers/rss.xml,general,presse
France Antilles : Martinique : société,https://www.martinique.franceantilles.fr/actualite/societe/rss.xml,general,societe
France Antilles : Martinique : vie locale,https://www.martinique.franceantilles.fr/actualite/vielocale/rss.xml,general,presse
France Info : Île-de-France,https://www.franceinfo.fr/france/ile-de-france.rss,general,presse
France Info : Auvergne-Rhône-Alpes,https://www.franceinfo.fr/france/auvergne-rhone-alpes.rss,general,presse
France Info : Bourgogne-Franche-Comté,https://www.franceinfo.fr/france/bourgogne-franche-comte.rss,general,presse
France Info : Bretagne,https://www.franceinfo.fr/france/bretagne.rss,general,presse
France Info : Centre-Val de Loire,https://www.franceinfo.fr/france/centre-val-de-loire.rss,general,presse
France Info : Corse,https://www.franceinfo.fr/france/corse.rss,general,presse
France Info : Grand Est,https://www.franceinfo.fr/france/grand-est.rss,general,presse
France Info : Guadeloupe,https://www.franceinfo.fr/france/guadeloupe.rss,general,presse
France Info : Hauts-de-France,https://www.franceinfo.fr/france/hauts-de-france.rss,general,presse
France Info : La Réunion,https://www.franceinfo.fr/france/la-reunion.rss,general,presse
France Info : Lille,https://www.franceinfo.fr/france/hauts-de-france/nord/lille.rss,general,presse
France Info : Lyon,https://www.franceinfo.fr/france/auvergne-rhone-alpes/rhone/lyon.rss,general,presse
France Info : Marseille,https://www.franceinfo.fr/marseille.rss,general,presse
France Info : Martinique,https://www.franceinfo.fr/france/martinique.rss,general,presse
France Info : Mayotte,https://www.franceinfo.fr/france/mayotte.rss,general,presse
France Info : Montpellier,https://www.franceinfo.fr/france/occitanie/herault/montpellier.rss,general,presse
France Info : Nantes,https://www.franceinfo.fr/france/pays-de-loire/loire-atlantique/nantes.rss,general,presse
France Info : Nice,https://www.franceinfo.fr/nice.rss,general,presse
France Info : Normandie,https://www.franceinfo.fr/france/normandie.rss,general,presse
France Info : Nouvelle-Aquitaine,https://www.franceinfo.fr/france/nouvelle-aquitaine.rss,general,presse
France Info : Nouvelle-Calédonie,https://www.franceinfo.fr/france/nouvelle-caledonie.rss,general,presse
France Info : Occitanie,https://www.franceinfo.fr/france/occitanie.rss,general,presse
France Info : Paris,https://www.franceinfo.fr/france/ile-de-france/paris.rss,general,presse
France Info : Pays de la Loire,https://www.franceinfo.fr/france/pays-de-la-loire.rss,general,presse
France Info : Provence-Alpes-Côte d'Azur,https://www.franceinfo.fr/france/provence-alpes-cote-d-azur.rss,general,presse
France Info : Québec,https://www.franceinfo.fr/monde/canada/quebec.rss,general,presse
France Info : Toulouse,https://www.franceinfo.fr/france/occitanie/haute-garonne/toulouse.rss,general,presse
France Inter : Chroniques littorales de José-Manuel Lamarque,https://radiofrance-podcast.net/podcast09/rss_14512.xml,general,presse
France24 : Bretagne,https://www.france24.com/fr/tag/bretagne/rss,general,presse
France24 : Corse,https://www.france24.com/fr/tag/corse/rss,general,presse
France24 : Guadeloupe,https://www.france24.com/fr/tag/guadeloupe/rss,general,presse
France24 : Lyon,https://www.france24.com/fr/tag/lyon/rss,general,presse
France24 : Marseille,https://www.france24.com/fr/tag/marseille/rss,general,presse
France24 : Martinique,https://www.france24.com/fr/tag/martinique/rss,general,presse
France24 : Nice,https://www.france24.com/fr/tag/nice/rss,general,presse
France24 : Outre-Mer,https://www.france24.com/fr/%C3%A9missions/outre-mer/podcast,general,presse
France24 : Outre-Mer : youtube,https://www.youtube.com/feeds/videos.xml?playlist_id=PLCnUnV3yCIYu36fHQ_ificJ8JSRWnmB_V,general,presse
France24 : Outre-mer : youtube,https://www.youtube.com/feeds/videos.xml?playlist_id=PLCnUnV3yCIYvBFQ-S8BFyR6lbpCvDxQZF,general,presse
France24 : Paris,https://www.france24.com/fr/tag/paris/rss,general,presse
France24 : Toulouse,https://www.france24.com/fr/tag/toulouse/rss,general,presse
France3 : Île-de-France,https://france3-regions.franceinfo.fr/paris-ile-de-france/actu/rss,general,presse
France3 : Île-de-France : youtube,https://www.youtube.com/feeds/videos.xml?channel_id=UCJgNMdfAExlU7MwHlET6XCw,general,presse
France3 : Aisne,https://france3-regions.franceinfo.fr/hauts-de-france/aisne/rss,general,presse
France3 : Alsace,https://france3-regions.franceinfo.fr/grand-est/alsace/rss,general,presse
France3 : Aude,https://france3-regions.franceinfo.fr/occitanie/aude/rss,general,presse
France3 : Auvergne Rhône-Alpes,https://france3-regions.franceinfo.fr/auvergne-rhone-alpes/actu/rss,general,presse
France3 : Auvergne-Rhône-Alpes : youtube,https://www.youtube.com/feeds/videos.xml?channel_id=UC_GxHrDkwwADSaAjmXxqtXA,general,presse
France3 : Bourgogne-Franche-Comté,https://france3-regions.franceinfo.fr/bourgogne-franche-comte/actu/rss,general,presse
France3 : Bourgogne-Franche-Comté : youtube,https://www.youtube.com/feeds/videos.xml?channel_id=UCMPIMCKpq5TRd92Jwj2D7_Q,general,presse
France3 : Bretagne,https://france3-regions.franceinfo.fr/bretagne/actu/rss,general,presse
France3 : Bretagne : youtube,https://www.youtube.com/feeds/videos.xml?channel_id=UCW3mewW-ZMdk3byz5F8gfHA,general,presse
France3 : Calais,https://france3-regions.franceinfo.fr/hauts-de-france/pas-calais/calais/rss,general,presse
France3 : Centre-Val de Loire,https://france3-regions.franceinfo.fr/centre-val-de-loire/actu/rss,general,presse
France3 : Centre-Val de Loire : bluesky,https://bsky.app/profile/did:plc:cukorpf4hsmz7ucfohvsuyi7/rss,general,presse
France3 : Centre-Val de Loire : youtube,https://www.youtube.com/feeds/videos.xml?channel_id=UCUwtTJir4sZL06om7-KRl1A,general,presse
France3 : Champagne-Ardenne,https://france3-regions.franceinfo.fr/grand-est/champagne-ardenne/rss,general,presse
France3 : Cher,https://france3-regions.franceinfo.fr/centre-val-de-loire/cher/rss,general,presse
France3 : Eure-et-Loir,https://france3-regions.franceinfo.fr/centre-val-de-loire/eure-et-loir/rss,general,presse
France3 : Grand Est,https://france3-regions.franceinfo.fr/grand-est/rss,general,presse
France3 : Grand Est : youtube,https://www.youtube.com/feeds/videos.xml?channel_id=UC6kvMQP9gzv6qwwzMLuwZTg,general,presse
France3 : Haute-Garonne,https://france3-regions.franceinfo.fr/occitanie/haute-garonne/rss,general,presse
France3 : Hauts-de-France,https://france3-regions.franceinfo.fr/hauts-de-france/actu/rss,general,presse
France3 : Hauts-de-France,https://www.youtube.com/feeds/videos.xml?channel_id=UCFC3nJ8GXl5yONe3tB_vhsw,general,presse
France3 : Hauts-de-France : société,https://france3-regions.franceinfo.fr/societe/rss?r=hauts-de-france,general,societe
France3 : Indre,https://france3-regions.franceinfo.fr/centre-val-de-loire/indre/rss,general,presse
France3 : Lille,https://france3-regions.franceinfo.fr/hauts-de-france/nord-0/lille/rss,general,presse
France3 : Lille métropole,https://france3-regions.franceinfo.fr/hauts-de-france/nord-0/lille-metropole/rss,general,presse
France3 : Loir-et-Cher,https://france3-regions.franceinfo.fr/centre-val-de-loire/loir-cher/rss,general,presse
France3 : Loiret,https://france3-regions.franceinfo.fr/centre-val-de-loire/loiret/rss,general,presse
France3 : Lorraine,https://france3-regions.franceinfo.fr/grand-est/lorraine/rss,general,presse
France3 : Marseille,https://france3-regions.franceinfo.fr/provence-alpes-cote-d-azur/bouches-du-rhone/marseille/rss,general,presse
France3 : Montpellier,https://france3-regions.franceinfo.fr/occitanie/herault/montpellier/rss,general,presse
France3 : Nîmes,https://france3-regions.franceinfo.fr/occitanie/gard/nimes/rss,general,presse
France3 : Nantes,https://france3-regions.franceinfo.fr/pays-de-la-loire/loire-atlantique/nantes/rss,general,presse
France3 : Nord Pas-de-Calais,https://france3-regions.franceinfo.fr/hauts-de-france/nord-pas-calais/rss,general,presse
France3 : Nord Pas-de-Calais : bluesky,https://bsky.app/profile/did:plc:szbhzsncadyh22lebcvz3qkl/rss,general,presse
France3 : Normandie,https://france3-regions.franceinfo.fr/normandie/actu/rss,general,presse
France3 : Normandie : youtube,https://www.youtube.com/feeds/videos.xml?channel_id=UCWiQCbdC05zfzNg83F2kc3A,general,presse
France3 : Nouvelle-Aquitaine,https://france3-regions.franceinfo.fr/nouvelle-aquitaine/actu/rss,general,presse
France3 : Nouvelle-Aquitaine : youtube,https://www.youtube.com/feeds/videos.xml?channel_id=UCwTvW0qRQXV-yvBghNVgqKg,general,presse
France3 : Occitanie,https://france3-regions.franceinfo.fr/occitanie/actu/rss,general,presse
France3 : Occitanie : bluesky,https://bsky.app/profile/did:plc:tzxkh66p33axolevd3xdysfi/rss,general,presse
France3 : Occitanie : l'actu de Toulouse : youtube,https://www.youtube.com/feeds/videos.xml?playlist_id=PLjk_2UG-CeKavDZ1hsrsGLLt5krYiUkaj,general,presse
France3 : Occitanie : youtube,https://www.youtube.com/feeds/videos.xml?channel_id=UC20dglUTkVqzY9ipx_iOnng,general,presse
France3 : Pays de la Loire,https://france3-regions.franceinfo.fr/pays-de-la-loire/actu/rss,general,presse
France3 : Pays de la Loire : Mayenne,https://france3-regions.franceinfo.fr/pays-de-la-loire/mayenne/rss,general,presse
France3 : Pays de la Loire : youtube,https://www.youtube.com/feeds/videos.xml?channel_id=UCazDBRKv_Bh6Gf0ebKbFRPQ,general,presse
France3 : Provence-Alpes Côte d'Azur,https://france3-regions.franceinfo.fr/provence-alpes-cote-d-azur/actu/rss,general,presse
France3 : Provence-Alpes-Côte d'Azur : société,https://france3-regions.franceinfo.fr/societe/rss?r=provence-alpes-cote-d-azur,general,presse
France3 : Rennes,https://france3-regions.franceinfo.fr/bretagne/ille-et-vilaine/rennes/rss,general,presse
France3 : Toulouse,https://france3-regions.franceinfo.fr/occitanie/haute-garonne/toulouse/rss,general,presse
France3 Bourgogne-Franche-Comté : Montbéliard,https://france3-regions.franceinfo.fr/bourgogne-franche-comte/doubs/pays-de-montbeliard/rss,general,presse
Free Dom,https://freedom.fr/feed/,general,tribune
French morning : Londres,https://london.frenchmorning.com/feed/,general,
Frequenza Nostra : ausha,https://feed.ausha.co/nr0vlHJvw4MO,general,presse
GoogleActu : Bretagne,https://news.google.com/rss/search?tbm=nws&amp;q=when:24h+bretagne&amp;oq=bretagne&amp;scoring=n&amp;hl=fr&amp;gl=FR&amp;ceid=FR:fr,general,
GoogleActu : Corse,https://news.google.com/rss/search?tbm=nws&amp;q=when:24h+corse&amp;oq=corse&amp;scoring=n&amp;hl=fr&amp;gl=FR&amp;ceid=FR:fr,general,
GoogleActu : Groenland,https://news.google.com/rss/search?tbm=nws&amp;q=Groenland&amp;oq=Groenland&amp;scoring=n&amp;hl=fr&amp;gl=FR&amp;ceid=FR:fr,general,
GoogleActu : Hauts-de-France,https://news.google.com/rss/search?tbm=nws&amp;q=Hauts-de-France&amp;oq=Hauts-de-France&amp;scoring=n&amp;hl=fr&amp;gl=FR&amp;ceid=FR:fr,general,
GoogleActu : Lille,https://news.google.com/rss/search?tbm=nws&amp;q=Lille&amp;oq=Lille&amp;scoring=n&amp;hl=fr&amp;gl=FR&amp;ceid=FR:fr,general,
GoogleActu : Lyon,https://news.google.com/rss/search?tbm=nws&amp;q=Lyon&amp;oq=Lyon&amp;scoring=n&amp;hl=fr&amp;gl=FR&amp;ceid=FR:fr,general,
GoogleActu : Marseille,https://news.google.com/rss/search?tbm=nws&amp;q=Marseille&amp;oq=Marseille&amp;scoring=n&amp;hl=fr&amp;gl=FR&amp;ceid=FR:fr,general,presse
GoogleActu : Mayotte,https://news.google.com/rss/search?tbm=nws&amp;q=Mayotte&amp;oq=Mayotte&amp;scoring=n&amp;hl=fr&amp;gl=FR&amp;ceid=FR:fr,general,
GoogleActu : Montpellier,https://news.google.com/rss/search?tbm=nws&amp;q=Montpellier&amp;oq=Montpellier&amp;scoring=n&amp;hl=fr&amp;gl=FR&amp;ceid=FR:fr,general,
GoogleActu : Nice,https://news.google.com/rss/search?tbm=nws&amp;q=Nice&amp;oq=Nice&amp;scoring=n&amp;hl=fr&amp;gl=FR&amp;ceid=FR:fr,general,
GoogleActu : Nouvelle-Calédonie,https://news.google.com/rss/search?tbm=nws&amp;q=Nouvelle-Calédonie&amp;oq=Nouvelle-Calédonie&amp;scoring=n&amp;hl=fr&amp;gl=FR&amp;ceid=FR:fr,general,
GoogleActu : Occitanie,https://news.google.com/rss/search?tbm=nws&amp;q=Occitanie&amp;oq=Occitanie&amp;scoring=n&amp;hl=fr&amp;gl=FR&amp;ceid=FR:fr,general,
GoogleActu : Paris,https://news.google.com/rss/search?tbm=nws&amp;q=paris&amp;oq=paris&amp;scoring=n&amp;hl=fr&amp;gl=FR&amp;ceid=FR:fr,general,presse
GoogleActu : Toulouse,https://news.google.com/rss/search?tbm=nws&amp;q=Toulouse&amp;oq=Toulouse&amp;scoring=n&amp;hl=fr&amp;gl=FR&amp;ceid=FR:fr,general,
Grand Lille TV : youtube,https://www.youtube.com/feeds/videos.xml?channel_id=UCkIEMxZjqX_fiwSok0Uo9Pg,general,
GuyaWeb,https://www.guyaweb.com/feed/,general,
Herault Tribune,https://www.herault-tribune.com/articles/feed/,general,presse
Herault Tribune : Montpellier,https://www.herault-tribune.com/localisations/montpellier/feed/,general,presse
HuffPost : Alaska,https://www.huffingtonpost.fr/alaska/rss_headline.xml,general,presse
HuffPost : Lyon,https://www.huffingtonpost.fr/lyon/rss_headline.xml,general,presse
HuffPost : Marseille,https://www.huffingtonpost.fr/marseille/rss_headline.xml,general,presse
HuffPost : Montpellier,https://www.huffingtonpost.fr/montpellier/rss_headline.xml,general,presse
HuffPost : Nice,https://www.huffingtonpost.fr/nice/rss_headline.xml,general,presse
HuffPost : Toulouse,https://www.huffingtonpost.fr/toulouse/rss_headline.xml,general,presse
ici : à la une,https://radiofrance-podcast.net/podcast09/rss_24690.xml,general,presse
ici : à la une de la presse,https://radiofrance-podcast.net/podcast09/rss_23557.xml,general,presse
ici : À la une près de chez vous dans les Deux Charentes,https://radiofrance-podcast.net/podcast09/rss_24528.xml,general,presse
Ici : Île-de-France : bluesky,https://bsky.app/profile/did:plc:vdqwpgxlumpdfw6r6pp74yo4/rss,general,presse
ici : 40 ans d'actu en Béarn Bigorre,https://radiofrance-podcast.net/podcast09/rss_24748.xml,general,presse
ici : Alsace : à la une,https://www.francebleu.fr/rss/alsace/a-la-une.xml,general,presse
ici : Alsace : émissions,https://www.francebleu.fr/rss/alsace/emissions.xml,general,presse
ici : Alsace : actualités,https://www.francebleu.fr/rss/alsace/rubrique/infos.xml,general,presse
ici : Alsace : dailymotion,https://www.dailymotion.com/rss/user/icialsace,general,presse
ici : Alsace : L'invité de la rédaction de 7h45,https://radiofrance-podcast.net/podcast09/rss_14882.xml,general,presse
ici : Alsace : Les journaux,https://radiofrance-podcast.net/podcast09/rss_14881.xml,general,presse
ici : Armorique : à la une,https://www.francebleu.fr/rss/armorique/a-la-une.xml,general,presse
ici : Armorique : émissions,https://www.francebleu.fr/rss/armorique/emissions.xml,general,presse
ici : Armorique : actualités,https://www.francebleu.fr/rss/armorique/rubrique/infos.xml,general,presse
ici : Au coeur de l'actu,https://radiofrance-podcast.net/podcast09/rss_22809.xml,general,presse
ici : Azur : à la une,https://www.francebleu.fr/rss/azur/a-la-une.xml,general,presse
ici : Azur : actualités,https://www.francebleu.fr/rss/azur/rubrique/infos.xml,general,presse
ici : Béarn : à la une,https://www.francebleu.fr/rss/bearn/a-la-une.xml,general,presse
ici : Béarn : actualités,https://www.francebleu.fr/rss/bearn/rubrique/infos.xml,general,presse
ici : Belfort-Montbéliard : à la une,https://www.francebleu.fr/rss/belfort-montbeliard/a-la-une.xml,general,presse
ici : Belfort-Montbéliard : actualités,https://www.francebleu.fr/rss/belfort-montbeliard/rubrique/infos.xml,general,presse
ici : Berry : à la une,https://www.francebleu.fr/rss/berry/a-la-une.xml,general,presse
ici : Berry : actualités,https://www.francebleu.fr/rss/berry/rubrique/infos.xml,general,presse
ici : Berry : L'invité,https://radiofrance-podcast.net/podcast09/rss_14713.xml,general,presse
ici : Berry : Les journaux,https://radiofrance-podcast.net/podcast09/rss_14714.xml,general,presse
ici : Besançon : à la une,https://www.francebleu.fr/rss/besancon/a-la-une.xml,general,presse
ici : Besançon : actualités,https://www.francebleu.fr/rss/besancon/rubrique/infos.xml,general,presse
ici : Besançon : Les journaux,https://radiofrance-podcast.net/podcast09/rss_14567.xml,general,presse
ici : Bourgogne : à la une,https://www.francebleu.fr/rss/bourgogne/a-la-une.xml,general,presse
ici : Bourgogne : actualités,https://www.francebleu.fr/rss/bourgogne/rubrique/infos.xml,general,presse
ici : Bourgogne : Journal de 8h00,https://radiofrance-podcast.net/podcast09/rss_22639.xml,general,presse
ici : Breizh Izel : à la une,https://www.francebleu.fr/rss/breizh-izel/a-la-une.xml,general,presse
ici : Breizh Izel : actualités,https://www.francebleu.fr/rss/breizh-izel/rubrique/infos.xml,general,presse
ici : Breizh Izel : Keleier Breizh : Les journaux,https://radiofrance-podcast.net/podcast09/rss_14759.xml,general,presse
ici : Breizh Izel : L'invité de la rédaction,https://radiofrance-podcast.net/podcast09/rss_14764.xml,general,presse
ici : Breizh Izel : Les journaux,https://radiofrance-podcast.net/podcast09/rss_14758.xml,general,presse
ici : Calvados - Orne : à la une,https://www.francebleu.fr/rss/normandie-caen/a-la-une.xml,general,presse
ici : Calvados - Orne : actualités,https://www.francebleu.fr/rss/normandie-caen/rubrique/infos.xml,general,presse
ici : Champagne-Ardenne : à la une,https://www.francebleu.fr/rss/champagne-ardenne/a-la-une.xml,general,presse
ici : Champagne-Ardenne : actualités,https://www.francebleu.fr/rss/champagne-ardenne/rubrique/infos.xml,general,presse
ici : Cotentin : à la une,https://www.francebleu.fr/rss/cotentin/a-la-une.xml,general,presse
ici : Cotentin : actualités,https://www.francebleu.fr/rss/cotentin/rubrique/infos.xml,general,presse
ici : Creuse : à la une,https://www.francebleu.fr/rss/creuse/a-la-une.xml,general,presse
ici : Creuse : actualités,https://www.francebleu.fr/rss/creuse/rubrique/infos.xml,general,presse
ici : Creuse : Le journal de 8h,https://radiofrance-podcast.net/podcast09/rss_14964.xml,general,presse
ici : Drôme Ardèche : Les journaux,https://radiofrance-podcast.net/podcast09/rss_14810.xml,general,presse
ici : Drôme-Ardèche : à la une,https://www.francebleu.fr/rss/drome-ardeche/a-la-une.xml,general,presse
ici : Drôme-Ardèche : actualités,https://www.francebleu.fr/rss/drome-ardeche/rubrique/infos.xml,general,presse
ici : Drôme-Ardèche : dailymotion,https://www.dailymotion.com/rss/user/icidromeardeche/1,general,presse
ici : Elsass : à la une,https://www.francebleu.fr/rss/elsass/a-la-une.xml,general,presse
ici : Elsass : actualités,https://www.francebleu.fr/rss/elsass/rubrique/infos.xml,general,presse
ici : Gard Lozère : à la une,https://www.francebleu.fr/rss/gard-lozere/a-la-une.xml,general,presse
ici : Gard Lozère : actualités,https://www.francebleu.fr/rss/gard-lozere/rubrique/infos.xml,general,presse
ici : Gard Lozère : Les journaux,https://radiofrance-podcast.net/podcast09/rss_23886.xml,general,presse
ici : Gascogne : à la une,https://www.francebleu.fr/rss/gascogne/a-la-une.xml,general,presse
ici : Gascogne : actualités,https://www.francebleu.fr/rss/gascogne/rubrique/infos.xml,general,presse
ici : Gironde : à la une,https://www.francebleu.fr/rss/gironde/a-la-une.xml,general,presse
ici : Gironde : actualités,https://www.francebleu.fr/rss/gironde/rubrique/infos.xml,general,presse
ici : Hérault : actualités,https://www.francebleu.fr/rss/herault/rubrique/infos.xml,general,presse
ici : Hérault : Les journaux,https://radiofrance-podcast.net/podcast09/rss_14651.xml,general,presse
ici : ici Lille !,https://radiofrance-podcast.net/podcast09/rss_25191.xml,general,presse
ici : Invité de 8h15 en limousin,https://radiofrance-podcast.net/podcast09/rss_24278.xml,general,presse
ici : Invité de 8h45 en Limousin,https://radiofrance-podcast.net/podcast09/rss_24279.xml,general,presse
ici : Invité du 6/9 Normandie,https://radiofrance-podcast.net/podcast09/rss_22670.xml,general,presse
ici : Isère : à la une,https://www.francebleu.fr/rss/isere/a-la-une.xml,general,presse
ici : Isère : actualités,https://www.francebleu.fr/rss/isere/rubrique/infos.xml,general,presse
ici : L'info bonus,https://radiofrance-podcast.net/podcast09/rss_25171.xml,general,presse
ici : L'info d'ici en Cotentin,https://radiofrance-podcast.net/podcast09/rss_25159.xml,general,presse
ici : L'info du jour,https://radiofrance-podcast.net/podcast09/rss_24875.xml,general,presse
ici : L'info en plus,https://radiofrance-podcast.net/podcast09/rss_25107.xml,general,presse
ici : L'info en plus en Drôme Ardèche,https://radiofrance-podcast.net/podcast09/rss_24708.xml,general,presse
ici : L'invité de 8h15 en Provence-Alpes-Côte d'Azur,https://radiofrance-podcast.net/podcast09/rss_24174.xml,general,presse
ici : L'invité de 8h45 en Savoie,https://radiofrance-podcast.net/podcast09/rss_24366.xml,general,presse
ici : L'invité du 6/9 en Picardie,https://radiofrance-podcast.net/podcast09/rss_24142.xml,general,presse
ici : L'invité du 6/9 Gironde,https://radiofrance-podcast.net/podcast09/rss_23603.xml,general,presse
ici : L'invité du 6/9 Maine,https://radiofrance-podcast.net/podcast09/rss_22750.xml,general,presse
ici : L'invité du 6/9 Occitanie ,https://radiofrance-podcast.net/podcast09/rss_23716.xml,general,presse
ici : L'invité du 6/9 Pays de Savoie,https://radiofrance-podcast.net/podcast09/rss_23072.xml,general,presse
ici : L'invité du 8/9,https://radiofrance-podcast.net/podcast09/rss_24310.xml,general,presse
ici : L'invité France Bleu Azur de 7h45,https://radiofrance-podcast.net/podcast09/rss_24326.xml,general,presse
ici : L'invité programme du 6/9,https://radiofrance-podcast.net/podcast09/rss_24312.xml,general,presse
ici : La presse à la une,https://radiofrance-podcast.net/podcast09/rss_25160.xml,general,presse
ici : La Rochelle : à la une,https://www.francebleu.fr/rss/la-rochelle/a-la-une.xml,general,presse
ici : La Rochelle : actualités,https://www.francebleu.fr/rss/la-rochelle/rubrique/infos.xml,general,presse
ici : La Rochelle : dailymotion,https://www.dailymotion.com/rss/user/icilarochelle,general,presse
ici : Le 16/18 - L'invité de 17h,https://radiofrance-podcast.net/podcast09/rss_22207.xml,general,presse
ici : Le 6-9 Nord : l'invité de 8h45,https://radiofrance-podcast.net/podcast09/rss_24283.xml,general,presse
ici : Le 90 secondes Cotentin,https://radiofrance-podcast.net/podcast09/rss_25193.xml,general,presse
ici : Le choix de la rédaction de France Bleu Picardie,https://radiofrance-podcast.net/podcast09/rss_24883.xml,general,presse
ici : Le reportage de la rédaction,https://radiofrance-podcast.net/podcast09/rss_23165.xml,general,presse
ici : Limousin : à la une,https://www.francebleu.fr/rss/limousin/a-la-une.xml,general,presse
ici : Limousin : actualités,https://www.francebleu.fr/rss/limousin/rubrique/infos.xml,general,presse
ici : Limousin : Les journaux,https://radiofrance-podcast.net/podcast09/rss_15012.xml,general,presse
ici : Loire Océan : à la une,https://www.francebleu.fr/rss/loire-ocean/a-la-une.xml,general,presse
ici : Loire Océan : actualités,https://www.francebleu.fr/rss/loire-ocean/rubrique/infos.xml,general,presse
ici : Loire Océan : L'invité(e) de 8h15,https://radiofrance-podcast.net/podcast09/rss_14735.xml,general,presse
ici : Loire Océan : Les journaux,https://radiofrance-podcast.net/podcast09/rss_14733.xml,general,presse
ici : Long Format,https://radiofrance-podcast.net/podcast09/rss_25173.xml,general,presse
ici : Lorraine Nord : à la une,https://www.francebleu.fr/rss/lorraine-nord/a-la-une.xml,general,presse
ici : Lorraine Nord : actualités,https://www.francebleu.fr/rss/lorraine-nord/rubrique/infos.xml,general,presse
ici : Lorraine Nord : Les journaux,https://radiofrance-podcast.net/podcast09/rss_13066.xml,general,presse
ici : Maine : à la une,https://www.francebleu.fr/rss/maine/a-la-une.xml,general,presse
ici : Maine : actualités,https://www.francebleu.fr/rss/maine/rubrique/infos.xml,general,presse
ici : Maine : Les journaux,https://radiofrance-podcast.net/podcast09/rss_14499.xml,general,presse
ici : Mayenne : à la une,https://www.francebleu.fr/rss/mayenne/a-la-une.xml,general,presse
ici : Mayenne : actualités,https://www.francebleu.fr/rss/mayenne/rubrique/infos.xml,general,presse
ici : Mayenne : Les journaux d'infos,https://radiofrance-podcast.net/podcast09/rss_14818.xml,general,presse
ici : Nord : à la une,https://www.francebleu.fr/rss/nord/a-la-une.xml,general,presse
ici : Nord : actualités,https://www.francebleu.fr/rss/nord/rubrique/infos.xml,general,presse
ici : Occitanie : dailymotion,https://www.dailymotion.com/rss/user/actu-occitanie,general,presse
ici : Orléans : à la une,https://www.francebleu.fr/rss/orleans/a-la-une.xml,general,presse
ici : Orléans : actualités,https://www.francebleu.fr/rss/orleans/rubrique/infos.xml,general,presse
ici : Orléans : Les journaux,https://radiofrance-podcast.net/podcast09/rss_14962.xml,general,presse
ici : Périgord : à la une,https://www.francebleu.fr/rss/perigord/a-la-une.xml,general,presse
ici : Périgord : actualités,https://www.francebleu.fr/rss/perigord/rubrique/infos.xml,general,presse
ici : Périgord : dailymotion,https://www.dailymotion.com/rss/user/iciperigord,general,presse
ici : Périgord : Les journaux,https://radiofrance-podcast.net/podcast09/rss_14641.xml,general,presse
ici : Paris : à la une,https://www.francebleu.fr/rss/107-1/a-la-une.xml,general,presse
ici : Paris : actualités,https://www.francebleu.fr/rss/107-1/rubrique/infos.xml,general,presse
ici : Paris : L'invité,https://radiofrance-podcast.net/podcast09/rss_12209.xml,general,presse
ici : Pays basque : à la une,https://www.francebleu.fr/rss/pays-basque/a-la-une.xml,general,presse
ici : Pays basque : actualités,https://www.francebleu.fr/rss/pays-basque/rubrique/infos.xml,general,presse
ici : Pays d'Auvergne : à la une,https://www.francebleu.fr/rss/pays-d-auvergne/a-la-une.xml,general,presse
ici : Pays d'Auvergne : actualités,https://www.francebleu.fr/rss/pays-d-auvergne/rubrique/infos.xml,general,presse
ici : Pays de Savoie : à la une,https://www.francebleu.fr/rss/pays-de-savoie/a-la-une.xml,general,presse
ici : Pays de Savoie : actualités,https://www.francebleu.fr/rss/pays-de-savoie/rubrique/infos.xml,general,presse
ici : Picardie : à la une,https://www.francebleu.fr/rss/picardie/a-la-une.xml,general,presse
ici : Picardie : À la une près de chez vous,https://radiofrance-podcast.net/podcast09/rss_23392.xml,general,presse
ici : Picardie : actualités,https://www.francebleu.fr/rss/picardie/rubrique/infos.xml,general,presse
ici : Picardie : dailymotion,https://www.dailymotion.com/rss/user/icipicardie,general,presse
ici : Poitou : à la une,https://www.francebleu.fr/rss/poitou/a-la-une.xml,general,presse
ici : Poitou : actualités,https://www.francebleu.fr/rss/poitou/rubrique/infos.xml,general,presse
ici : Poitou : L'invité,https://radiofrance-podcast.net/podcast09/rss_14600.xml,general,presse
ici : Poitou : Les journaux,https://radiofrance-podcast.net/podcast09/rss_14592.xml,general,presse
ici : Provence : à la une,https://www.francebleu.fr/rss/provence/a-la-une.xml,general,presse
ici : Provence : actualités,https://www.francebleu.fr/rss/provence/rubrique/infos.xml,general,presse
ici : Provence : L'invité de 07h15,https://radiofrance-podcast.net/podcast09/rss_14979.xml,general,presse
ici : Provence : Les journaux,https://radiofrance-podcast.net/podcast09/rss_14929.xml,general,presse
ici : Roussillon : à la une,https://www.francebleu.fr/rss/roussillon/a-la-une.xml,general,presse
ici : Roussillon : actualité,https://www.francebleu.fr/rss/roussillon/rubrique/infos.xml,general,presse
ici : Saint-Étienne Loire : à la une,https://www.francebleu.fr/rss/saint-etienne-loire/a-la-une.xml,general,presse
ici : Saint-Étienne Loire : actualités,https://www.francebleu.fr/rss/saint-etienne-loire/rubrique/infos.xml,general,presse
ici : Seine-Maritime - Eure : à la une,https://www.francebleu.fr/rss/normandie-rouen/a-la-une.xml,general,presse
ici : Seine-Maritime - Eure : actualité,https://www.francebleu.fr/rss/normandie-rouen/rubrique/infos.xml,general,presse
ici : Sud Lorraine : à la une,https://www.francebleu.fr/rss/sud-lorraine/a-la-une.xml,general,presse
ici : Sud Lorraine : actualités,https://www.francebleu.fr/rss/sud-lorraine/rubrique/infos.xml,general,presse
ici : Sud Lorraine : Les invités de la rédaction,https://radiofrance-podcast.net/podcast09/rss_14538.xml,general,presse
ici : Sud Lorraine : Les journaux,https://radiofrance-podcast.net/podcast09/rss_13110.xml,general,presse
ici : Territoire de Belfort : Les journaux,https://radiofrance-podcast.net/podcast09/rss_14460.xml,general,presse
ici : Toulouse : à la une,https://www.francebleu.fr/rss/toulouse/a-la-une.xml,general,presse
ici : Toulouse : actualités,https://www.francebleu.fr/rss/toulouse/rubrique/infos.xml,general,presse
ici : Touraine : à la une,https://www.francebleu.fr/rss/touraine/a-la-une.xml,general,presse
ici : Touraine : actualités,https://www.francebleu.fr/rss/touraine/rubrique/infos.xml,general,presse
ici : Une semaine en Poitou,https://radiofrance-podcast.net/podcast09/rss_25211.xml,general,presse
ici : Vaucluse : à la une,https://www.francebleu.fr/rss/vaucluse/a-la-une.xml,general,presse
ici : Vaucluse : actualités,https://www.francebleu.fr/rss/vaucluse/rubrique/infos.xml,general,presse
ici : Vaucluse : dailymotion,https://www.dailymotion.com/rss/user/icivaucluse/1,general,presse
ici : Yonne : à la une,https://www.francebleu.fr/rss/auxerre/a-la-une.xml,general,presse
ici : Yonne : actualités,https://www.francebleu.fr/rss/auxerre/rubrique/infos.xml,general,presse
If Saint-Étienne,https://www.if-saint-etienne.fr/feed,general,
Imaz Press Réunion,https://imazpress.com/feed,general,presse
Info Tours,https://info-tours.fr/feed/,general,
Informateur Corse Nouvelle,https://www.icn.corsica/rss.xml,general,
Journal de Millau,https://www.journaldemillau.fr/rss.xml,general,
L'Écho de l'Argoat,http://feeds.feedburner.com/LchoDeLargoat-LactualitLocale-Actufr,general,
L'Écho du Languedoc,https://www.echo-languedoc.fr/feed/,general,presse
L'éclaireur de la dépêche,http://feeds.feedburner.com/Lclaireur-LaDpche-LactualitLocale-Actufr,general,presse
L'éclaireur de Vimeu,http://feeds.feedburner.com/LclaireurDuVimeu-LactualitLocale-Actufr,general,
L'éveil de Pont-Audemer,http://feeds.feedburner.com/LveilDePont-audemer-LactualitLocale-Actufr,general,
L'Éveil Normand,http://feeds.feedburner.com/LveilNormand-LactualitLocale-Actufr,general,
L'Agathois,https://www.lagathois.fr/rssfeed.php,general,presse
L'Alsace : Alsace,https://www.lalsace.fr/region/alsace/rss,general,presse
L'arrière cour,https://www.larrierecour.fr/feed/,general,
L'Avenir : Brabant wallon,https://www.lavenir.net/arc/outboundfeeds/rss/section/regions/brabantwallon/?outputType=xml,general,presse
L'Avenir : Bruxelles capitale,https://www.lavenir.net/arc/outboundfeeds/rss/section/regions/bruxelles/?outputType=xml,general,presse
L'Avenir : Hainaut,https://www.lavenir.net/arc/outboundfeeds/rss/section/regions/?outputType=xml,general,presse
L'Avenir : Liège,https://www.lavenir.net/arc/outboundfeeds/rss/section/regions/liege/?outputType=xml,general,presse
L'Est Républicain,https://www.estrepublicain.fr/rss,general,
L'Est Républicain : Belfort Héricourt-Montbéliard,https://www.estrepublicain.fr/edition-belfort-hericourt-montbeliard/rss,general,
L'Est Républicain : Franche-Comté,https://www.estrepublicain.fr/region/region-franche-comte/a-la-une/rss,general,
L'Est Républicain : Lorraine,https://www.estrepublicain.fr/region/region-lorraine/a-la-une/rss,general,
L'Est-Éclair : Aube,https://www.lest-eclair.fr/rss/54/cible_principale,general,presse
L'Est-Éclair : Bar-sur-Aube et environs,https://www.lest-eclair.fr/rss/55/cible_principale,general,presse
L'Est-Éclair : dailymotion,https://www.dailymotion.com/rss/user/lest-eclair,general,presse
L'Est-Éclair : Nogent-sur-Seine,https://www.lest-eclair.fr/rss/58/cible_principale,general,presse
L'Hebdo de Sèvre et Maine,http://feeds.feedburner.com/LhebdoDeSvreEtMaine-LactualitLocale-Actufr,general,
L'hebdo du vendredi,https://static.lhebdoduvendredi.com/rss/infos.xml,general,presse
L'Humanité : Île-de-France,https://www.humanite.fr/mot-cle/ile-de-france/feed,general,presse
L'Humanité : Bourgogne-Franche-Comté,https://www.humanite.fr/mot-cle/bourgogne-franche-comte/feed,general,presse
L'Humanité : Bretagne,https://www.humanite.fr/mot-cle/bretagne/feed,general,presse
L'Humanité : Centre-Val de Loire,https://www.humanite.fr/mot-cle/centre-val-de-loire/feed,general,presse
L'Humanité : Corse,https://www.humanite.fr/mot-cle/corse/feed,general,presse
L'Humanité : Guadeloupe,https://www.humanite.fr/mot-cle/guadeloupe/feed,general,presse
L'Humanité : Hauts-de-France,https://www.humanite.fr/mot-cle/hauts-de-france/feed,general,presse
L'Humanité : Hong Kong,https://www.humanite.fr/mot-cle/hong-kong/feed,general,presse
L'Humanité : La Réunion,https://www.humanite.fr/mot-cle/la-reunion/feed,general,presse
L'Humanité : Lille,https://www.humanite.fr/mot-cle/lille/feed,general,presse
L'Humanité : Lyon,https://www.humanite.fr/mot-cle/lyon/feed,general,presse
L'Humanité : Marseille,https://www.humanite.fr/mot-cle/marseille/feed,general,presse
L'Humanité : Martinique,https://www.humanite.fr/mot-cle/la-martinique/feed,general,presse
L'Humanité : Montpellier,https://www.humanite.fr/mot-cle/montpellier/feed,general,presse
L'Humanité : Nice,https://www.humanite.fr/mot-cle/nice/feed,general,presse
L'Humanité : Normandie,https://www.humanite.fr/mot-cle/normandie/feed,general,presse
L'Humanité : Nouvelle-Aquitaine,https://www.humanite.fr/mot-cle/nouvelle-aquitaine/feed,general,presse
L'Humanité : Occitanie,https://www.humanite.fr/mot-cle/occitanie/feed,general,presse
L'Humanité : Outre-mer,https://www.humanite.fr/mot-cle/outre-mer/feed,general,presse
L'Humanité : Paris,https://www.humanite.fr/mot-cle/paris/feed,general,presse
L'Humanité : Pays de la Loire,https://www.humanite.fr/mot-cle/pays-de-loire/feed,general,presse
L'Humanité : Provence-Alpes-Côte d'Azur,https://www.humanite.fr/mot-cle/provence-alpes-cote-dazur/feed,general,presse
L'impartial,http://feeds.feedburner.com/Limpartial-LactualitLocale-Actufr,general,
L'indépendant : Aude,https://www.lindependant.fr/aude/rss.xml,general,presse
L'indépendant : Marseille,https://www.lindependant.fr/communes/marseille/rss.xml,general,presse
L'indépendant : Montpellier,https://www.lindependant.fr/communes/montpellier/rss.xml,general,presse
L'indépendant : Pyrénées Orientales,https://www.lindependant.fr/pyrenees-orientales/rss.xml,general,presse
L'informateur d'Eu,http://feeds.feedburner.com/LinformateurDeu-LactualitLocale-Actufr,general,presse
L'Orne Combattante,http://feeds.feedburner.com/LorneCombattante-LactualitLocale-Actufr,general,
L'Orne Hebdo,http://feeds.feedburner.com/LorneHebdo-LactualitLocale-Actufr,general,presse
L'Yonne Républicaine : temps forts,https://feeds.feedburner.com/lyonne/dRdKplSLYOx,general,presse
La 1ère : environnement,https://la1ere.franceinfo.fr/environnement/rss,general,vert
La 1ère : Guadeloupe : youtube,https://www.youtube.com/feeds/videos.xml?channel_id=UCGp0ZbEM4j6RA4jufMgG3FA,general,presse
La 1ère : journal,https://www.rfi.fr/fr/podcasts/le-journal-d-outre-mer-la-1%C3%A8re/podcast,general,presse
La 1ère : Martinique,https://la1ere.franceinfo.fr/martinique/actu/rss,general,presse
La 1ère : Martinique : environnement,https://la1ere.franceinfo.fr/environnement/rss?r=martinique,general,vert
La 1ère : Martinique : faits divers,https://la1ere.franceinfo.fr/faits-divers/rss?r=martinique,general,societe
La 1ère : Martinique : société,https://la1ere.franceinfo.fr/societe/rss?r=martinique,general,societe
La 1ère : Martinique : youtube,https://www.youtube.com/feeds/videos.xml?channel_id=UCgA9V57lQlZFXkDfhVGTWSg,general,presse
La 1ère : mastodon,https://piaille.fr/@la1erelive.rss,general,presse
La 1ère : Nouvelle-Calédonie : youtube,https://www.youtube.com/feeds/videos.xml?channel_id=UCu1v8ajo9Z-ZLBlR-QPmyCQ,general,presse
La 1ère : société,https://la1ere.franceinfo.fr/societe/rss,general,societe
La 1ère : toute l'actualité,https://la1ere.franceinfo.fr/actu/rss,general,presse
La Croix : Lyon,https://www.la-croix.com/feeds/rss/France/lyon-actualite-information.xml,general,presse
La Croix : Montpellier,https://www.la-croix.com/feeds/rss/France/montpellier-actualite-info.xml,general,presse
La Croix : Toulouse,https://www.la-croix.com/feeds/rss/France/toulouse-actualite-info.xml,general,presse
La Dépêche,http://feeds.feedburner.com/LaDpcheLouviers-LactualitLocale-Actufr,general,
La Dépêche : Agen,"https://www.ladepeche.fr/communes/agen,47001/rss.xml",general,presse
La Dépêche : Albi,"https://www.ladepeche.fr/communes/albi,81004/rss.xml",general,presse
La Dépêche : Ariège,"https://www.ladepeche.fr/communes/ariege,09/rss.xml",general,presse
La Dépêche : Auch,"https://www.ladepeche.fr/communes/auch,32013/rss.xml",general,presse
La Dépêche : Cahors,"https://www.ladepeche.fr/communes/cahors,46042/rss.xml",general,presse
La Dépêche : Carcassonne,"https://www.ladepeche.fr/communes/carcassonne,11069/rss.xml",general,presse
La Dépêche : Castres,"https://www.ladepeche.fr/communes/castres,81065/rss.xml",general,presse
La Dépêche : Foix,"https://www.ladepeche.fr/communes/foix,09122/rss.xml",general,presse
La Dépêche : La gazette du Comminges,https://www.ladepeche.fr/la-gazette-du-comminges/rss.xml,general,presse
La Dépêche : Lot-et-Garonne,"https://www.ladepeche.fr/communes/lot-et-garonne,47/rss.xml",general,presse
La Dépêche : Montauban,"https://www.ladepeche.fr/communes/montauban,82121/rss.xml",general,presse
La Dépêche : Narbonne,"https://www.ladepeche.fr/communes/narbonne,11262/rss.xml",general,presse
La Dépêche : Pamiers,"https://www.ladepeche.fr/communes/pamiers,09225/rss.xml",general,presse
La Dépêche : Pennautier,"https://www.ladepeche.fr/communes/pennautier,11279/rss.xml",general,presse
La Dépêche : Rodez,"https://www.ladepeche.fr/communes/rodez,12202/rss.xml",general,presse
La Dépêche : Tarn,"https://www.ladepeche.fr/communes/tarn,81/rss.xml",general,presse
La Dépêche : Toulouse,"https://www.ladepeche.fr/communes/toulouse,31555/rss.xml",general,presse
La Dernière Heure : Bruxelles,https://www.dhnet.be/arc/outboundfeeds/rss/section/regions/bruxelles/?outputType=xml,general,presse
La Gazette de la Manche,http://feeds.feedburner.com/LaGazetteDeLaManche-LactualitLocale-Actufr,general,
La Gazette du Centre Morbihan,http://feeds.feedburner.com/LaGazetteDuCentreMorbihan-LactualitLocale-Actufr,general,presse
La gazette du Val-d'Oise,http://feeds.feedburner.com/LaGazetteDuValDoise-LactualitLocale-Actufr,general,
La journal du Gers : Auch,https://lejournaldugers.fr/ville/12-auch.xml,general,
La journal du Gers : Lomagne Gascogne Toulousaine,https://lejournaldugers.fr/lomagne-gascogne-toulousaine.xml,general,
La Libre : Brabant,https://www.lalibre.be/arc/outboundfeeds/rss/section/regions/brabant/?outputType=xml,general,presse
La Libre : Bruxelles,https://www.lalibre.be/arc/outboundfeeds/rss/section/regions/bruxelles/?outputType=xml,general,presse
La Marne,http://feeds.feedburner.com/LaMarne-LactualitLocale-Actufr,general,
La Marseillaise : à la une,https://morss.it/:items=||*[class=priority-content]/https://www.lamarseillaise.fr/,general,presse
La Marseillaise : youtube,https://www.youtube.com/feeds/videos.xml?channel_id=UC7tPStufwtQk9-JHoo0TDig,general,presse
La Nouvelle République,https://www.lanouvellerepublique.fr/api/v1/rss/592bf255489a4555008b4568,general,
La Nouvelle République : Centre Presse,https://www.lanouvellerepublique.fr/api/v1/rss/670536b0605bd4c91a8b4583,general,presse
La Nouvelle République : Châteauroux,https://www.lanouvellerepublique.fr/api/v1/rss/5e20725dcc4d8d75408b458d,general,presse
La Nouvelle République : Indre,https://www.lanouvellerepublique.fr/api/v1/rss/5e20725dcc4d8d75408b458d,general,presse
La Nouvelle République des Pyrénées,https://www.nrpyrenees.fr/rss.xml,general,presse
La Presse de la Manche,http://feeds.feedburner.com/LaPresseDeLaManche-LactualitLocale-Actufr,general,
La République des Pyrénées,https://www.larepubliquedespyrenees.fr/rss.xml,general,presse
La République des Pyrénées : bluesky,https://bsky.app/profile/did:plc:eldr2fwn6agzau4lcotxakwe/rss,general,presse
La République des Pyrénées : Pau,https://www.larepubliquedespyrenees.fr/pyrenees-atlantiques/pau/rss.xml,general,presse
La Renaissance le Bessin,http://feeds.feedburner.com/LaRenaissanceLeBessin-LactualitLocale-Actufr,general,
La Voix du Nord : Armentières,https://www.lavoixdunord.fr/destinations/54/cible_principale/rss,general,presse
La Voix du Nord : Arras,https://www.lavoixdunord.fr/destinations/55/cible_principale/rss,general,presse
La Voix du Nord : Avesnes sur Helpe,https://www.lavoixdunord.fr/destinations/45/cible_principale/rss,general,presse
La Voix du Nord : Béthune,https://www.lavoixdunord.fr/destinations/56/cible_principale/rss,general,presse
La Voix du Nord : Boulogne-sur-Mer,https://www.lavoixdunord.fr/destinations/57/cible_principale/rss,general,presse
La Voix du Nord : Bruay-La-Buissière,https://www.lavoixdunord.fr/destinations/58/cible_principale/rss,general,presse
La Voix du Nord : Calais,https://www.lavoixdunord.fr/destinations/59/cible_principale/rss,general,presse
La Voix du Nord : Cambrai,https://www.lavoixdunord.fr/destinations/46/cible_principale/rss,general,presse
La Voix du Nord : Douai,https://www.lavoixdunord.fr/destinations/60/cible_principale/rss,general,presse
La Voix du Nord : Dunkerque,https://www.lavoixdunord.fr/destinations/61/cible_principale/rss,general,presse
La Voix du Nord : Hauts-de-France,https://www.lavoixdunord.fr/destinations/44/cible_principale/rss,general,presse
La Voix du Nord : Hazebrouck,https://www.lavoixdunord.fr/destinations/62/cible_principale/rss,general,presse
La Voix du Nord : La Voix vous écoute tout l'été : youtube,https://www.youtube.com/feeds/videos.xml?playlist_id=PLAyKbxXX8PJyJ-xSHlVKf77bPL3wPcubT,general,societe
La Voix du Nord : Lens - Liévin - Hénin,https://www.lavoixdunord.fr/destinations/63/cible_principale/rss,general,presse
La Voix du Nord : Lille,https://www.lavoixdunord.fr/destinations/64/cible_principale/rss,general,presse
"La Voix du Nord : Lomme, Loos et les Weppes",https://www.lavoixdunord.fr/destinations/65/cible_principale/rss,general,presse
La Voix du Nord : Marcq - Lambersart,https://www.lavoixdunord.fr/destinations/66/cible_principale/rss,general,presse
La Voix du Nord : Maubeuge,https://www.lavoixdunord.fr/destinations/67/cible_principale/rss,general,presse
La Voix du Nord : Montreuil,https://www.lavoixdunord.fr/destinations/68/cible_principale/rss,general,presse
La Voix du Nord : Roubaix,https://www.lavoixdunord.fr/destinations/69/cible_principale/rss,general,presse
La Voix du Nord : Saint Pol sur Tersoise,https://www.lavoixdunord.fr/destinations/52/cible_principale/rss,general,presse
La Voix du Nord : Saint-Omer,https://www.lavoixdunord.fr/destinations/70/cible_principale/rss,general,presse
La Voix du Nord : Tourcoing,https://www.lavoixdunord.fr/destinations/72/cible_principale/rss,general,presse
La Voix du Nord : Valenciennes,https://www.lavoixdunord.fr/destinations/73/cible_principale/rss,general,presse
La Voix du Nord : Villeneuve d'Ascq,https://www.lavoixdunord.fr/destinations/74/cible_principale/rss,general,presse
La Voix du Nord : Wéo,https://www.lavoixdunord.fr/destinations/79/cible_principale/rss,general,presse
La Voix le Bocage,http://feeds.feedburner.com/LaVoixLeBocage-LactualitLocale-Actufr,general,
LaPresse : Grand Montréal,https://www.lapresse.ca/actualites/grand-montreal/rss,general,presse
LaPresse : régional,https://www.lapresse.ca/actualites/regional/rss,general,presse
LaProvence : Arles,https://www.laprovence.com/rss/arles.xml,general,presse
LaProvence : dailymotion,https://www.dailymotion.com/rss/user/LaProvence,general,presse
LaProvence : Marseille,https://www.laprovence.com/rss/marseille.xml,general,presse
LaProvence : région,https://www.laprovence.com/rss/Region.xml,general,presse
LaProvence : Vitrolles,https://www.laprovence.com/rss/vitrolles.xml,general,presse
LaProvence : youtube,https://www.youtube.com/feeds/videos.xml?channel_id=UC2i-BljAg1w_MMMA1JuFm7w,general,presse
Le Berry Républicain : les derniers articles,https://feeds.feedburner.com/leberry/9HCcPsTtECI,general,presse
Le Bien Public : Côte-d'Or,https://www.bienpublic.com/cote-d-or/rss,general,presse
Le Courrier Cauchois : bluesky,https://bsky.app/profile/did:plc:5l5k3va2xvlwmxavea3x3gpf/rss,general,presse
Le courrier de l'Eure,http://feeds.feedburner.com/LeCourrierDeLeure-LactualitLocale-Actufr,general,
Le courrier du Pays de Retz,http://feeds.feedburner.com/LeCourrierDuPaysDeRetz-LactualitLocale-Actufr,general,
Le Courrier vendéen,http://feeds.feedburner.com/LeCourrierVenden-LactualitLocale-Actufr,general,
Le Crestois,https://le-crestois.fr/index.php?format=feed&amp;type=rss,general,
Le crieur,https://www.lecrieur.net/feed/,general,
Le Démocrate Vernonnais,http://feeds.feedburner.com/LeDmocrateVernonnais-LactualitLocale-Actufr,general,
Le Dépêche Évreux,http://feeds.feedburner.com/LaDpchevreux-LactualitLocale-Actufr,general,
Le Dépêche Évreux,https://www.evreux.fr/actualites/feed/,general,
Le Dauphiné : Grenoble,https://www.ledauphine.com/edition-grenoble-agglomeration/grenoble/rss,general,presse
Le Dauphiné : Haute-Savoie,https://www.ledauphine.com/haute-savoie/rss,general,presse
Le Dauphiné Libéré : Isère,https://www.ledauphine.com/isere/rss,general,presse
Le Devoir : bluesky,https://bsky.app/profile/did:plc:buri5e2ky6wzn5cvor7owkzh/rss,general,presse
Le Glob Journal,https://leglob-journal.fr/feed/,general,alternatif
Le journal d'Abbeville,http://feeds.feedburner.com/LeJournalDabbeville-LactualitLocale-Actufr,general,
Le journal d'Elbeuf,http://feeds.feedburner.com/LeJournalDelbeuf-LactualitLocale-Actufr,general,presse
Le Journal de L'Orne,http://feeds.feedburner.com/LeJournalDeLorne-LactualitLocale-Actufr,general,
Le journal de la Haute-Marne,https://jhm.fr/feed/,general,
Le journal de Saône-et-Loire : à la une,https://www.lejsl.com/rss,general,presse
Le journal de Saône-et-Loire : Autun,https://www.lejsl.com/edition-autun/rss,general,presse
Le journal de Saône-et-Loire : Bresse,https://www.lejsl.com/edition-bresse/rss,general,presse
Le journal de Saône-et-Loire : Chalon-sur-Saône,https://www.lejsl.com/edition-chalon-sur-saone/infos-locales/rss,general,presse
Le journal de Saône-et-Loire : Charolais - Brionnais,https://www.lejsl.com/edition-charolais-brionnais/rss,general,presse
Le journal de Saône-et-Loire : Le Creusot,https://www.lejsl.com/edition-le-creusot/rss,general,presse
Le journal de Saône-et-Loire : Macon,https://www.lejsl.com/edition-macon/rss,general,presse
Le journal de Saône-et-Loire : Montceau-les-Mines,https://www.lejsl.com/edition-montceau-les-mines/rss,general,presse
Le journal de Saône-et-Loire : Saône-et-Loire,https://www.lejsl.com/saone-et-loire/rss,general,presse
Le journal de Saône-et-Loire : youtube,https://www.youtube.com/feeds/videos.xml?channel_id=UC9RwlO53rcRIrZ3AEwI87uQ,general,presse
Le journal du Gers,https://lejournaldugers.fr/fluxrss.xml,general,
Le journal du Grand Paris,https://www.lejournaldugrandparis.fr/feed/,general,presse
Le journal du Grand Paris : Paris,https://www.lejournaldugrandparis.fr/articles/territoires/grand-paris/feed/,general,presse
Le journal toulousain,https://www.lejournaltoulousain.fr/feed/,general,presse
Le Monde : Brest,https://www.lemonde.fr/brest/rss_full.xml,general,presse
Le Monde : Corse,https://www.lemonde.fr/corse/rss_full.xml,general,presse
Le Monde : Groenland,https://www.lemonde.fr/groenland/rss_full.xml,general,presse
Le Monde : Guadeloupe,https://www.lemonde.fr/guadeloupe/rss_full.xml,general,presse
Le Monde : Guyane,https://www.lemonde.fr/guyane/rss_full.xml,general,presse
Le Monde : Hong Kong,https://www.lemonde.fr/hongkong/rss_full.xml,general,presse
Le Monde : Lyon,https://www.lemonde.fr/lyon/rss_full.xml,general,presse
Le Monde : Marseille,https://www.lemonde.fr/marseille/rss_full.xml,general,presse
Le Monde : Martinique,https://www.lemonde.fr/martinique/rss_full.xml,general,presse
Le Monde : Mayotte,https://www.lemonde.fr/mayotte/rss_full.xml,general,presse
Le Monde : Nantes,https://www.lemonde.fr/lille/rss_full.xml,general,presse
Le Monde : Nice,https://www.lemonde.fr/nice/rss_full.xml,general,presse
Le Monde : Nouvelle-Calédonie,https://www.lemonde.fr/referendum-en-nouvelle-caledonie/rss_full.xml,general,presse
Le Monde : Outre-mer,https://www.lemonde.fr/outre-mer/rss_full.xml,general,presse
Le Monde : Paris,https://www.lemonde.fr/paris/rss_full.xml,general,presse
Le Monde : Toulouse,https://www.lemonde.fr/toulouse/rss_full.xml,general,presse
Le Monde Diplomatique : France Outre-mer,https://www.monde-diplomatique.fr/spip.php?page=backend&amp;id_mot=47,general,alternatif
Le Monde Diplomatique : Irlande du Nord,https://www.monde-diplomatique.fr/spip.php?page=backend&amp;id_mot=75,general,alternatif
Le Monde Diplomatique : Porto Rico,https://www.monde-diplomatique.fr/spip.php?page=backend&amp;id_mot=104,general,alternatif
Le Monde Diplomatique : Québec,https://www.monde-diplomatique.fr/spip.php?page=backend&amp;id_mot=107,general,alternatif
Le NouvelObs : Nouvelle-Calédonie,https://www.nouvelobs.com/nouvelle-caledonie/rss.xml,general,presse
Le Parisien : Essonne,https://feeds.leparisien.fr/leparisien/rss/essonne-91,general,presse
Le Parisien : Haute-Corse,https://feeds.leparisien.fr/arc/outboundfeeds/leparisien/rss/haute-corse-2b/?outputType=xml,general,presse
Le Parisien : Hauts de Seine,https://feeds.leparisien.fr/leparisien/rss/hauts-de-seine-92,general,presse
Le Parisien : L'Oise,https://feeds.leparisien.fr/leparisien/rss/oise-60,general,presse
Le Parisien : Paris,https://feeds.leparisien.fr/leparisien/rss/paris-75,general,presse
Le Parisien : Paris Île-de-France,https://feeds.leparisien.fr/leparisien/rss/info-paris-ile-de-france-oise,general,presse
Le Parisien : Seine-et-Marne,https://feeds.leparisien.fr/leparisien/rss/seine-et-marne-77,general,presse
Le Parisien : Seine-Saint-Denis,https://feeds.leparisien.fr/leparisien/rss/seine-saint-denis-93,general,presse
Le Parisien : Val d'Oise,https://feeds.leparisien.fr/leparisien/rss/val-d-oise-95,general,presse
Le Parisien : Val de Marne,https://feeds.leparisien.fr/leparisien/rss/val-de-marne-94,general,presse
Le Parisien : Yvelines,https://feeds.leparisien.fr/leparisien/rss/yvelines-78,general,presse
Le Pays Briard,http://feeds.feedburner.com/LePaysBriard-LactualitLocale-Actufr,general,
Le Pays d'Auge,http://feeds.feedburner.com/LePaysDauge-LactualitLocale-Actufr,general,
Le Perche,http://feeds.feedburner.com/LePerche-LactualitLocale-Actufr,general,
Le Petit Journal : Ariège,https://www.lepetitjournal.net/09-ariege/feed/,general,presse
Le Petit Journal : Aveyron,https://www.lepetitjournal.net/12-aveyron/feed/,general,presse
Le Petit Journal : département,https://www.lepetitjournal.net/thematique/departement/feed/,general,presse
Le Petit Journal : faits divers,https://www.lepetitjournal.net/thematique/faits-divers/feed/,general,presse
Le Petit Journal : Gers,https://www.lepetitjournal.net/32-gers/feed/,general,presse
Le Petit Journal : Hérault,https://www.lepetitjournal.net/34-herault/feed/,general,presse
Le Petit Journal : Hautes-Pyrénées,https://www.lepetitjournal.net/65-hautes-pyrenees/feed/,general,presse
Le Petit Journal : Lot,https://www.lepetitjournal.net/46-lot/feed/,general,presse
Le Petit Journal : Lot-et-Garonne,https://www.lepetitjournal.net/47-lot-et-garonne/feed/,general,presse
Le Petit Journal : Pyrénées-Orientales,https://www.lepetitjournal.net/66-pyrenees-orientales/feed/,general,presse
Le Petit Journal : Tarn,https://www.lepetitjournal.net/82-tarn-et-garonne/feed/,general,presse
Le Ploërmelais,http://feeds.feedburner.com/LePlormelais-LactualitLocale-Actufr,general,presse
Le Progrès : Ain,https://www.leprogres.fr/ain/rss,general,presse
Le Progrès : Bresse - Dombes - Val de Saône - Côtière ,https://www.leprogres.fr/edition-ain-ouest/infos-locales/rss,general,presse
Le Progrès : Bugey et Haut-Bugey,https://www.leprogres.fr/edition-ain-est/rss,general,presse
Le Progrès : Est Lyonnais,https://www.leprogres.fr/edition-est-lyonnais/infos-locales/rss,general,presse
Le Progrès : Haute-Loire,https://www.leprogres.fr/haute-loire/rss,general,presse
Le Progrès : Jura,https://www.leprogres.fr/jura/rss,general,presse
Le Progrès : Jura Nord,https://www.leprogres.fr/edition-jura-nord/infos-locales/rss,general,presse
Le Progrès : Loire,https://www.leprogres.fr/loire/rss,general,presse
Le Progrès : Lons et Jura Sud,https://www.leprogres.fr/edition-jura-sud/infos-locales/rss,general,presse
Le Progrès : Lyon Villeurbanne,https://www.leprogres.fr/edition-lyon-villeurbanne/infos-locales/rss,general,presse
Le Progrès : Nord Isère,https://www.leprogres.fr/isere/nord-isere/rss,general,presse
Le Progrès : Ouest Lyonnais,https://www.leprogres.fr/edition-ouest-lyonnais/rss,general,presse
Le Progrès : Rhône,https://www.leprogres.fr/rhone/rss,general,presse
Le Progrès : Tarare,https://www.leprogres.fr/edition-tarare/infos-locales/rss,general,presse
Le Progrès : Villefranche,https://www.leprogres.fr/edition-villefranche/infos-locales/rss,general,presse
Le publicateur libre,http://feeds.feedburner.com/LePublicateurLibre-LactualitLocale-Actufr,general,
Le Républicain Lorrain : Metz ville,https://www.republicain-lorrain.fr/edition-metz-et-agglomeration/infos-locales/rss,general,presse
Le républicain Lot-et-Garonne,http://feeds.feedburner.com/LeRpublicainLot-et-garonne-LactualitLocale-Actufr,general,
Le républicain Sud Gironde,http://feeds.feedburner.com/LeRpublicainSud-gironde-LactualitLocale-Actufr,general,
Le République de Seine-et-Marne,http://feeds.feedburner.com/LaRpubliqueDeSeineEtMarne-LactualitLocale-Actufr,general,
Le Réveil de Neufchâtel,http://feeds.feedburner.com/LeRveilDeNeufchtel-LactualitLocale-Actufr,general,presse
Le Réveil Normand,http://feeds.feedburner.com/LeRveilNormand-LactualitLocale-Actufr,general,
Le Singulier,https://lesinguliersete.fr/feed/,general,presse
Le Télégramme,https://www.letelegramme.fr/rss.xml,general,presse
Le Télégramme : Auray,https://www.letelegramme.fr/morbihan/auray-56400/rss.xml,general,presse
Le Télégramme : Brest,https://www.letelegramme.fr/finistere/brest-29200/rss.xml,general,presse
Le Télégramme : Carhaix,https://www.letelegramme.fr/finistere/carhaix-29270/rss.xml,general,presse
Le Télégramme : Guidel,https://www.letelegramme.fr/morbihan/guidel-56520/rss.xml,general,presse
Le Télégramme : Lannion,https://www.letelegramme.fr/cotes-d-armor/lannion-22300/rss.xml,general,presse
Le Tregor,http://feeds.feedburner.com/LeTrgor-LactualitLocale-Actufr,general,
Le Télégramme : Bretagne,https://www.letelegramme.fr/bretagne/rss.xml,general,presse
Le Télégramme : Côtes d'Armor,https://www.letelegramme.fr/cotes-d-armor/rss.xml,general,presse
Le Télégramme : Finistère,https://www.letelegramme.fr/finistere/rss.xml,general,presse
Le Télégramme : Morbihan,https://www.letelegramme.fr/morbihan/rss.xml,general,presse
Le Télégramme : Saint-Brieuc,https://www.letelegramme.fr/cotes-d-armor/saint-brieuc-22000/rss.xml,general,presse
Les Alpes Mancelles,http://feeds.feedburner.com/LesAlpesMancelles-LactualitLocale-Actufr,general,
Les Informations Dieppoises,http://feeds.feedburner.com/LesInformationsDieppoises-LactualitLocale-Actufr,general,presse
Les infos du pays gallo,https://www.lesinfosdupaysgallo.com/feed/,general,
Les nouvelles de Falaise,http://feeds.feedburner.com/LesNouvellesDeFalaise-LactualitLocale-Actufr,general,
Libération : Corse,https://www.liberation.fr/arc/outboundfeeds/rss/tags_slug/corse/?outputType=xml,general,presse
Libération : Lyon,https://www.liberation.fr/arc/outboundfeeds/rss/tags_slug/lyon/?outputType=xml,general,presse
Libération : Marseille,https://www.liberation.fr/arc/outboundfeeds/rss/tags_slug/marseille/?outputType=xml,general,presse
Libération : Mayotte,https://www.liberation.fr/arc/outboundfeeds/rss/tags_slug/mayotte/?outputType=xml,general,presse
Libération : Montpellier,https://www.liberation.fr/arc/outboundfeeds/rss/tags_slug/montpellier/?outputType=xml,general,presse
Libération : Nice,https://www.liberation.fr/arc/outboundfeeds/rss/tags_slug/nice/?outputType=xml,general,presse
Libération : Paris,https://www.liberation.fr/arc/outboundfeeds/rss/tags_slug/paris/?outputType=xml,general,presse
Libération : Toulouse,https://www.liberation.fr/arc/outboundfeeds/rss/tags_slug/toulouse/?outputType=xml,general,presse
Liberté Caen,http://feeds.feedburner.com/LibertCaen-LactualitLocale-Actufr,general,
Lille Actu,http://feeds.feedburner.com/LilleActu-LactualitLocale-Actufr,general,
LMtv Sarthe : youtube,https://www.youtube.com/feeds/videos.xml?channel_id=UCidJ6dBJ7oEfdAVzqaL2nSg,general,
Lyon capitale,https://feeds.feedburner.com/lyoncapitale/8O4kDE6tmy9,general,
Lyon capitale : bluesky,https://bsky.app/profile/did:plc:ln4tmcyik2xqku3pdrmhaseb/rss,general,presse
Lyon People : actualité,https://www.lyonpeople.com/feed,general,presse
Lyon Première,https://www.lyonpremiere.fr/feed/,general,presse
Lyon Première : L'info à Lyon,https://feed.ausha.co/B4dp7hpNwv9p,general,presse
Lyon Première : société,https://www.lyonpremiere.fr/category/societe/feed/,general,societe
LyonMag,https://www.lyonmag.com/rss,general,presse
LyonMag : faits divers,https://www.lyonmag.com/rss/category/36/faits-divers,general,presse
LyonMag : société,https://www.lyonmag.com/rss/category/8/societe,general,societe
LyonMag : vidéos TV,https://www.lyonmag.com/rss/category/60/videos-lyonmag-tv,general,presse
LyonMag : youtube,https://www.youtube.com/feeds/videos.xml?channel_id=UCepdRYTQt5vKtrz-CuaFzpg,general,presse
Métropolitain,http://feeds.feedburner.com/Mtropolitain-LactualitLocale-Actufr,general,presse
Ma commune : à la une,https://www.macommune.info/feed/,general,presse
Ma commune : faits divers,https://www.macommune.info/?feed=actualite-faits-divers,general,presse
Ma commune : société,https://www.macommune.info/?feed=actualite-societe,general,societe
Ma commune : vie locale,https://www.macommune.info/?feed=actualite-vie-locale,general,presse
Made in Marseille,https://madeinmarseille.net/feed/,general,
Made in Marseille : bluesky,https://bsky.app/profile/did:plc:y4afg26bzdkig3akbna7k2hn/rss,general,presse
MagCentre,https://www.magcentre.fr/feed/,general,presse
MarsActu,https://marsactu.fr/feed/,general,presse
MarsActu : bluesky,https://bsky.app/profile/did:plc:oheo2dfm2v5mzptwn7juiku4/rss,general,presse
MaVille : Alençon,https://alencon.maville.com/flux/rss/actu.php?xtor=RSS-18&amp;code=al,general,
MaVille : Angers,https://angers.maville.com/flux/rss/actu.php?xtor=RSS-18&amp;code=an,general,
MaVille : Armentières,https://armentieres.maville.com/flux/rss/actu.php?c=actu&amp;code=am,general,presse
MaVille : Brest,https://brest.maville.com/flux/rss/actu.php?xtor=RSS-18&amp;code=br,general,
MaVille : Cannes,https://cannes.maville.com/flux/rss/actu.php?xtor=RSS-18&amp;code=cn,general,
MaVille : Cherbourg,https://cherbourg.maville.com/flux/rss/actu.php?xtor=RSS-18&amp;code=ch,general,
MaVille : Cholet,https://cholet.maville.com/flux/rss/actu.php?xtor=RSS-18&amp;code=co,general,
MaVille : Dinan,https://dinan.maville.com/flux/rss/actu.php?xtor=RSS-18&amp;code=di,general,
MaVille : Les Sables d'Olonne,https://lessablesdolonne.maville.com/flux/rss/actu.php?xtor=RSS-18&amp;code=ls,general,
MaVille : Lille,https://lille.maville.com/flux/rss/actu.php?c=loc&amp;code=li,general,presse
MaVille : Lille : actualité locale,https://lille.maville.com/flux/rss/actu.php?xtor=RSS-18&amp;c=loc&amp;code=li,general,
MaVille : Marseille,https://marseille.maville.com/flux/rss/actu.php?c=actu&amp;code=om,general,presse
MaVille : Nantes,https://nantes.maville.com/flux/rss/actu.php?xtor=RSS-18&amp;code=na,general,
MaVille : Rennes,https://rennes.maville.com/flux/rss/actu.php?c=loc&amp;code=rn,general,presse
MaVille : Rennes,https://rennes.maville.com/flux/rss/actu.php?xtor=RSS-18&amp;c=loc,general,
MaVille : Saint-Brieuc,https://saint-brieuc.maville.com/flux/rss/actu.php?xtor=RSS-18&amp;code=sb,general,
MaVille : Saint-Lô,https://saint-lo.maville.com/flux/rss/actu.php?xtor=RSS-18&amp;code=sl,general,
MaVille : Saint-Malo,https://saint-malo.maville.com/flux/rss/actu.php?xtor=RSS-18&amp;code=sm,general,
MaVille : Saint-Nazaire,https://saint-nazaire.maville.com/flux/rss/actu.php?xtor=RSS-18&amp;code=sn,general,
MaxiFlash,https://haguenau.maxi-flash.com/feed/,general,
Mediabask,https://www.mediabask.eus/es/rss/sections/mediabask.rss,general,
Medialot,https://medialot.fr/feed/,general,presse
Midi Libre : Alès,https://www.midilibre.fr/gard/ales/rss.xml,general,presse
Midi Libre : Aude,https://www.midilibre.fr/aude/rss.xml,general,presse
Midi Libre : Aveyron,https://www.midilibre.fr/aveyron/rss.xml,general,presse
Midi Libre : Béziers,https://www.midilibre.fr/herault/beziers/rss.xml,general,presse
Midi Libre : Bagnols-sur-Cèze,https://www.midilibre.fr/gard/bagnols-sur-ceze/rss.xml,general,presse
Midi Libre : Carcassonne,https://www.midilibre.fr/aude/carcassonne/rss.xml,general,presse
Midi Libre : Gard,https://www.midilibre.fr/gard/rss.xml,general,presse
Midi Libre : Hérault,https://www.midilibre.fr/herault/rss.xml,general,presse
Midi Libre : Lozère,https://www.midilibre.fr/lozere/rss.xml,general,presse
Midi Libre : Mayotte,https://www.midilibre.fr/actu/monde/mayotte/rss.xml,general,presse
Midi Libre : Mende,https://www.midilibre.fr/lozere/mende/rss.xml,general,presse
Midi Libre : Millau,https://www.midilibre.fr/aveyron/millau/rss.xml,general,presse
Midi Libre : Montpellier,https://www.midilibre.fr/herault/montpellier/rss.xml,general,presse
Midi Libre : Nîmes,https://www.midilibre.fr/gard/nimes/rss.xml,general,presse
Midi Libre : Narbonne,https://www.midilibre.fr/aude/narbonne/rss.xml,general,presse
Midi Libre : Perpignan,https://www.midilibre.fr/pyrenees-orientales/perpignan/rss.xml,general,presse
Midi Libre : Pyrénées-Orientales,https://www.midilibre.fr/pyrenees-orientales/rss.xml,general,presse
Midi Libre : Rodez,https://www.midilibre.fr/aveyron/rodez/rss.xml,general,presse
Midi Libre : Sète,https://www.midilibre.fr/herault/sete/rss.xml,general,presse
Millavois : actualité,https://millavois.com/feed/,general,presse
mLyon,https://mlyon.fr/xml/news,general,presse
Moselle57 : youtube,https://www.youtube.com/feeds/videos.xml?channel_id=UCQ9KyW-bwhqYwYGu5X7cU7g,general,
Nice Mag : actualités,https://www.nicemag.fr/rss,general,presse
Nice premium : actualités,https://www.nicepremium.fr/feed/,general,presse
Nice presse : actualité,https://nicepresse.com/feed/,general,alternatif
Nice-Matin : Antibes,https://www.nicematin.com/ville/antibes/rss,general,presse
Nice-Matin : Côte d'Azur,https://www.nicematin.com/ville/cote-d-azur/rss,general,presse
Nice-Matin : Cagnes,https://www.nicematin.com/ville/cagnes/rss,general,presse
Nice-Matin : Cannes,https://www.nicematin.com/ville/cannes/rss,general,presse
Nice-Matin : Grasse,https://www.nicematin.com/ville/grasse/rss,general,presse
Nice-Matin : Marseille,https://www.nicematin.com/ville/marseille/rss,general,presse
Nice-Matin : Menton,https://www.nicematin.com/ville/menton/rss,general,presse
Nice-Matin : Nice,https://www.nicematin.com/ville/nice/rss,general,presse
Nice-Matin : Saint-Laurent-du-Var,https://www.nicematin.com/commune/saint-laurent-du-var/rss,general,presse
Nice-Matin : Sophia-Antipolis,https://www.nicematin.com/ville/sophia-antipolis/rss,general,presse
Nice-Matin : Vallées,https://www.nicematin.com/ville/vallees/rss,general,presse
Nice-Matin : youtube,https://www.youtube.com/feeds/videos.xml?channel_id=UC-LaL6VO2SpXpjPdQT668wg,general,presse
NTV Média : vimeo,https://vimeo.com/user103172301/videos/rss,general,presse
Orange mag : Corse,https://pro.orange.fr/lemag/corse/rss.xml,general,presse
Orizonte,https://www.orizonte.corsica/feed/,general,presse
Orizonte : youtube,https://www.youtube.com/feeds/videos.xml?channel_id=UCHQVUzbPpLubs6CWCARCYaA,general,presse
Ouest-France : Corse,https://news.google.com/rss/search?tbm=nws&amp;q=ouest-france+corse&amp;oq=ouest-france+corse&amp;scoring=n&amp;hl=fr&amp;gl=FR&amp;ceid=FR:fr,general,presse
Ouest-France : Corse : flipboard,https://flipboard.com/@ouestfrance/corse-q67nqomuz.rss,general,presse
Ouest-France : Le Maine Libre : bluesky,https://bsky.app/profile/did:plc:of5kdkn3z5jief3e42r2yhkb/rss,general,presse
Ouest-France : Occitanie : flipboard,https://flipboard.com/@ouestfrance/r%C3%A9gion-occitanie-aoiuk89iz.rss,general,presse
Ouillade,https://feeds.feedburner.com/ouillade/wwV8mvWjFvo,general,
Paris Dépêches : Paris 75,https://www.parisdepeches.fr/128-Paris_75/rss.html,general,presse
Paroles de Corse,http://www.parolesdecorse.fr/feed/,general,presse
Place Gre'net,https://feeds.feedburner.com/placegrenet/e48RNVQMu5p,general,
Radio Calvi,https://fetchrss.com/feed/XZ9MfYqScUVnZ738_XNWcupk.rss,general,presse
Radio paese : audio,https://rssbox.fly.dev/mixcloud/RadioPaese/RadioPaese,general,
Radio-Canada : Alberta,https://ici.radio-canada.ca/rss/5767,general,presse
Radio-Canada : Bas-Saint-Laurent,https://ici.radio-canada.ca/rss/35004,general,presse
Radio-Canada : Colombie-Britannique,https://ici.radio-canada.ca/rss/5769,general,presse
Radio-Canada : Québec,https://ici.radio-canada.ca/rss/6104,general,presse
"Radio-Canada : Québec, Sans Tweet",https://ici.radio-canada.ca/rss/1002226,general,presse
RCFM : à la une,https://www.francebleu.fr/rss/rcfm/a-la-une.xml,general,presse
RCFM : actualités,https://www.francebleu.fr/rss/rcfm/rubrique/infos.xml,general,
RCFM : dailymotion,https://www.dailymotion.com/rss/user/icircfm/,general,presse
RCFM : Journal,https://radiofrance-podcast.net/podcast09/rss_15379.xml,general,journal
RCFM : Journal de 12h,https://radiofrance-podcast.net/podcast09/rss_15380.xml,general,journal
RCFM : Journal de 18h,https://radiofrance-podcast.net/podcast09/rss_15381.xml,general,journal
RCFM : Journal de 7h,https://radiofrance-podcast.net/podcast09/rss_15378.xml,general,journal
RCFM : L'invité de la rédaction,https://radiofrance-podcast.net/podcast09/rss_15377.xml,general,presse
RCFM : Le club de la presse,https://radiofrance-podcast.net/podcast09/rss_15450.xml,general,presse
RCFM : Le forum,https://radiofrance-podcast.net/podcast09/rss_15382.xml,general,alternatif
RCFM : Mag de la rédaction,https://radiofrance-podcast.net/podcast09/rss_24716.xml,general,presse
RCI - Radio Caraïbes International : Arkanciel,https://feed.ausha.co/VOEa2sd13YYn,general,presse
RCI - Radio Caraïbes International : Guadeloupe,https://rci.fm/guadeloupe/fb/articles_rss_mq,general,presse
RCI - Radio Caraïbes International : Guadeloupe : youtube,https://www.youtube.com/feeds/videos.xml?channel_id=UCDp6MhjQOa7rmnRLUJrAjkA,general,presse
RCI - Radio Caraïbes International : Martinique,https://rci.fm/martinique/fb/articles_rss_mq,general,presse
RCI - Radio Caraïbes International : Martinique : youtube,https://www.youtube.com/feeds/videos.xml?channel_id=UCFjk6rxl8kSYNif3h3McIxQ,general,presse
RCI : émissions,https://rci.websiteradio.co/rss-feed-7,general,presse
RCI : vidéos,https://rci.websiteradio.co/rss-feed-9,general,presse
RCI : youtube,https://www.youtube.com/feeds/videos.xml?channel_id=UCL0_WJhXrg_wphD-dBB1Q2Q,general,presse
Revue Far Ouest,https://www.revue-farouest.fr/feed/,general,alternatif
RFI : Groenland,https://www.rfi.fr/fr/tag/groenland//rss,general,presse
RFI : Martinique,https://www.rfi.fr/fr/tag/martinique/rss,general,presse
RFI : Nouvelle-Calédonie,https://www.rfi.fr/fr/tag/nouvelle-cal%C3%A9donie/rss,general,presse
RFI : Paris,https://www.rfi.fr/fr/tag/paris/rss,general,presse
RTBF : Brabant wallon,https://rss.rtbf.be/article/rss/highlight_rtbfinfo_regions-brabant-wallon.xml?source=internal,general,presse
RTBF : Bruxelles,https://rss.rtbf.be/article/rss/highlight_rtbfinfo_regions-bruxelles.xml?source=internal,general,presse
RTBF : Flandre,https://rss.rtbf.be/article/rss/highlight_rtbfinfo_regions-flandre.xml?source=internal,general,presse
RTBF : Hainaut,https://rss.rtbf.be/article/rss/highlight_rtbfinfo_regions-hainaut.xml?source=internal,general,presse
RTBF : Liège,https://rss.rtbf.be/article/rss/highlight_rtbfinfo_regions-liege.xml?source=internal,general,presse
RTBF : Luxembourg,https://rss.rtbf.be/article/rss/highlight_rtbfinfo_regions-luxembourg.xml?source=internal,general,presse
RTBF : Namur,https://rss.rtbf.be/article/rss/highlight_rtbfinfo_regions-namur.xml?source=internal,general,presse
RTS : Berne,https://www.rts.ch/info/regions/berne/?format=rss/news,general,presse
RTS : Fribourg,https://www.rts.ch/info/regions/fribourg/?format=rss/news,general,presse
RTS : Genève,https://www.rts.ch/info/regions/geneve/?format=rss/news,general,presse
RTS : Jura,https://www.rts.ch/info/regions/jura/?format=rss/news,general,presse
RTS : Neuchâtel,https://www.rts.ch/info/regions/neuchatel/?format=rss/news,general,presse
RTS : Suisse alémanique et Tessin,https://www.rts.ch/info/regions/autres-cantons/?format=rss/news,general,presse
RTS : Valais,https://www.rts.ch/info/regions/valais/?format=rss/news,general,presse
RTS : Vaud,https://www.rts.ch/info/regions/vaud/?format=rss/news,general,presse
Rue89 : Bordeaux,https://rue89bordeaux.com/feed/,general,alternatif
Rue89 : Bordeaux : bluesky,https://bsky.app/profile/did:plc:zh22aza6z77iuccvjv5hi3a3/rss,general,alternatif
Rue89 : Lyon,https://www.rue89lyon.fr/feed/,general,alternatif
Rue89 : Strasbourg,https://www.rue89strasbourg.com/feed,general,alternatif
Rue89 : Strasbourg : bluesky,https://bsky.app/profile/did:plc:rtsmx6pozn2d5qnsxrrk3x3n/rss,general,alternatif
Stampa Paese,https://stampa-paese.com/rss.xml,general,presse
Sud Ouest : Agen,https://www.sudouest.fr/lot-et-garonne/agen/rss.xml,general,presse
Sud Ouest : Angoulême,https://www.sudouest.fr/charente/angouleme/rss.xml,general,presse
Sud Ouest : Arcachon,https://www.sudouest.fr/gironde/arcachon/rss.xml,general,presse
Sud Ouest : Bayonne,https://www.sudouest.fr/pyrenees-atlantiques/bayonne/rss.xml,general,presse
Sud Ouest : Biarritz,https://www.sudouest.fr/pyrenees-atlantiques/biarritz/rss.xml,general,presse
Sud Ouest : Biscarrosse,https://www.sudouest.fr/landes/biscarrosse/rss.xml,general,presse
Sud Ouest : Bordeaux,https://www.sudouest.fr/gironde/bordeaux/rss.xml,general,presse
Sud Ouest : Cognac,https://www.sudouest.fr/charente/cognac/rss.xml,general,presse
Sud Ouest : Dax,https://www.sudouest.fr/landes/dax/rss.xml,general,presse
Sud Ouest : Gers,https://www.sudouest.fr/gers/rss.xml,general,presse
Sud Ouest : La Rochelle,https://www.sudouest.fr/charente-maritime/la-rochelle/rss.xml,general,presse
Sud Ouest : Langon,https://www.sudouest.fr/gironde/langon/rss.xml,general,presse
Sud Ouest : Libourne,https://www.sudouest.fr/gironde/libourne/rss.xml,general,presse
Sud Ouest : Mont-de-Marsan,https://www.sudouest.fr/landes/mont-de-marsan/rss.xml,general,presse
Sud Ouest : Morcenx,https://www.sudouest.fr/landes/morcenx/rss.xml,general,presse
Sud Ouest : Périgueux,https://www.sudouest.fr/dordogne/perigueux/rss.xml,general,presse
Sud Ouest : Pau,https://www.sudouest.fr/pyrenees-atlantiques/pau/rss.xml,general,presse
Sud Ouest : Royan,https://www.sudouest.fr/charente-maritime/royan/rss.xml,general,presse
Sud Ouest : Saint-Etienne de Baigorry,https://www.sudouest.fr/pyrenees-atlantiques/saint-etienne-de-baigorry/rss.xml,general,presse
Sud Ouest : Saintes,https://www.sudouest.fr/charente-maritime/saintes/rss.xml,general,presse
TéVi : youtube,https://www.youtube.com/feeds/videos.xml?channel_id=UCz7PG6z1DiOqGd5vcGAQ7Wg,general,
téléGrenoble : dailymotion,https://www.dailymotion.com/rss/user/telegrenoble,general,presse
Tahiti info ,https://www.tahiti-infos.com/xml/syndication.rss,general,
Toulouse7,https://toulouse7.com/feed/,general,presse
Tribune de Genève : Suisse,https://partner-feeds.publishing.tamedia.ch/rss/tdg/suisse,general,presse
Tribune de Lyon : bluesky,https://bsky.app/profile/did:plc:d3mdvi6eautf4br7gix4d3fk/rss,general,presse
TV Vendée : youtube,https://www.youtube.com/feeds/videos.xml?channel_id=UC5BRZBCjOqMO9BqWnubqtJA,general,presse
TVR : youtube,https://www.youtube.com/feeds/videos.xml?channel_id=UC75WmaK3ayWwrvCJsSbIQJA,general,presse
Var-Matin : Brignoles,https://www.varmatin.com/ville/brignoles/rss,general,presse
Var-Matin : Côte d'Azur,https://www.varmatin.com/ville/cote-d-azur/rss,general,presse
Var-Matin : Draguignan,https://www.varmatin.com/ville/draguignan/rss,general,presse
Var-Matin : Fréjus,https://www.varmatin.com/commune/frejus/rss,general,presse
Var-Matin : Hyères,https://www.varmatin.com/ville/hyeres/rss,general,presse
Var-Matin : La Seyne,https://www.varmatin.com/ville/la-seyne/rss,general,presse
Var-Matin : Marseille,https://www.varmatin.com/ville/marseille/rss,general,presse
Var-Matin : Saint-Raphaël,https://www.varmatin.com/ville/st-raphael/rss,general,presse
Var-Matin : Saint-Tropez,https://www.varmatin.com/ville/saint-tropez/rss,general,presse
Var-Matin : Sainte-Maxime,https://www.varmatin.com/commune/sainte-maxime/rss,general,presse
Var-Matin : Sanary-sur-Mer,https://www.varmatin.com/commune/sanary-sur-mer/rss,general,presse
Var-Matin : Toulon,https://www.varmatin.com/ville/toulon/rss,general,presse
Var-Matin : Var,https://www.varmatin.com/ville/var/rss,general,presse
Var-Matin : vidéo,https://www.varmatin.com/sujet/video/rss,general,presse
Ventoux magazine,http://www.ventoux-magazine.com/feed/,general,presse
ViaStella : Ajaccio,https://france3-regions.franceinfo.fr/corse/corse-du-sud/ajaccio/rss,general,presse
ViaStella : bluesky,https://bsky.app/profile/did:plc:bhfnbmt4fq2fqkfiqh43er26/rss,general,presse
ViaStella : Corse : youtube,https://www.youtube.com/feeds/videos.xml?channel_id=UC_NBvUCmnjCuYVKJYD2sSgw,general,presse
ViaStella : Corse-du-Sud,https://france3-regions.franceinfo.fr/corse/corse-du-sud/rss,general,presse
ViaStella : faits divers,https://france3-regions.franceinfo.fr/faits-divers/rss?r=corse,general,societe
ViaStella : flipboard,https://flipboard.com/@france3regions/france-3-corse-viastella-rrphttnsz.rss,general,presse
ViaStella : Haute-Corse,https://france3-regions.franceinfo.fr/corse/haute-corse/rss,general,presse
ViaStella : info,https://france3-regions.franceinfo.fr/corse/actu/rss,general,presse
ViaStella : société,https://france3-regions.franceinfo.fr/societe/rss?r=corse,general,societe
ViaTelePaese : nutiziale,https://fetchrss.com/feed/XZ9MfYqScUVnXjE7LYqMUEVn.rss,general,
ViaTelePaese : youtube,https://www.youtube.com/feeds/videos.xml?channel_id=UCXVVERYK20mZRQA3Oz-1_EQ,general,
Voix du Midi Lauragais,http://feeds.feedburner.com/VoixDuMidiLauragais-LactualitLocale-Actufr,general,
Vosges Info : Épinal,https://vosgesinfo.fr/epinalinfo/feed/,general,
Vosges Info : Gerardmer,https://vosgesinfo.fr/gerardmerinfo/feed/,general,
Vosges Info : La Plaine,https://vosgesinfo.fr/laplainedesvosgesinfo/feed/,general,
Vosges Info : Remiremont,https://vosgesinfo.fr/remiremontinfo/feed/,general,presse
Vosges Info : Saint-Dié,https://vosgesinfo.fr/saintdieinfo/feed/,general,presse
Vosges Info : Vosges,https://vosgesinfo.fr/feed/,general,presse
Vosges Matin : Vosges,https://www.vosgesmatin.fr/vosges/a-la-une/rss,general,presse
Vosges Télévision,https://www.vosgestelevision.tv/rss/actus.php,general,presse
Vosges Télévision : bluesky,https://bsky.app/profile/did:plc:tuc4uaeweqloyevjwvpzkoid/rss,general,presse
Wéo : youtube,https://www.youtube.com/feeds/videos.xml?channel_id=UCF6JBDGCxGtHABMxWlPRsdg,general,
